dress_id,kind,archetype_id,x,y,scale,rotation,style_zone,z_layer
dp_0_0,utility_box,pro_utility_box_05,12272.0,122.38,0.43,0,industrial,32
dp_0_1,barrier,pro_barrier_07,12382.0,28.0,0.4,0,industrial,32
dp_0_2,construction_barrel,pro_construction_barrel_15,12272.0,285.12,0.45,0,industrial,32
dp_1_0,utility_box,pro_utility_box_05,12469.5,113.62,0.46,0,industrial,32
dp_1_1,barrier,pro_barrier_07,12469.5,202.25,0.42,0,industrial,32
dp_1_2,construction_barrel,pro_construction_barrel_15,12677.5,12.0,0.46,0,industrial,32
dp_2_0,barrier,pro_barrier_07,14468.0,50.0,0.45,0,industrial,32
dp_2_1,construction_barrel,pro_construction_barrel_15,14518.5,50.0,0.41000000000000003,0,industrial,32
dp_2_2,crate_cluster,pro_crate_cluster_11,14404.5,159.0,0.39,0,industrial,32
dp_3_0,barrier,pro_barrier_07,12095.0,219.2,0.46,0,industrial,32
dp_3_1,construction_barrel,pro_construction_barrel_15,12095.0,258.8,0.48,0,industrial,32
dp_3_2,crate_cluster,pro_crate_cluster_11,12237.0,166.6,0.43,0,industrial,32
dp_4_0,construction_barrel,pro_construction_barrel_15,14338.5,333.75,0.4,0,industrial,32
dp_4_1,crate_cluster,pro_crate_cluster_11,14338.5,417.0,0.39,0,industrial,32
dp_4_2,dumpster,pro_dumpster_16,14503.6,237.5,0.44,0,industrial,32
dp_5_0,construction_barrel,pro_construction_barrel_15,11865.22,442.0,0.49,0,industrial,32
dp_5_1,crate_cluster,pro_crate_cluster_11,11795.8,565.25,0.49,0,industrial,32
dp_5_2,dumpster,pro_dumpster_16,11795.8,620.38,0.43,0,industrial,32
dp_6_0,crate_cluster,pro_crate_cluster_11,14254.12,396.5,0.46,0,industrial,32
dp_6_1,dumpster,pro_dumpster_16,14209.5,460.0,0.42,0,industrial,32
dp_6_2,utility_box,pro_utility_box_05,14317.38,396.5,0.4,0,industrial,32
dp_7_0,utility_box,pro_utility_box_05,14246.42,600.5,0.44,0,industrial,32
dp_7_1,barrier,pro_barrier_07,14193.5,677.0,0.47,0,industrial,32
dp_7_2,construction_barrel,pro_construction_barrel_15,14326.27,600.5,0.48,0,industrial,32
dt_8_0,tree,veg_planter_tree_03,14384.1,824.83,0.82,0,dense_urban,31
dt_8_1,tree,veg_autumn_tree_04,14384.1,879.17,0.78,0,dense_urban,31
dp_8_0,bench,pro_bench_18,14148.5,824.83,0.46,0,dense_urban,32
dp_8_1,utility_box,pro_utility_box_05,14297.9,757.5,0.48,0,dense_urban,32
dp_9_0,construction_barrel,pro_construction_barrel_15,10023.5,935.47,0.39,0,industrial,32
dp_9_1,crate_cluster,pro_crate_cluster_11,10120.0,874.3,0.44,0,industrial,32
dp_9_2,dumpster,pro_dumpster_01,10023.5,1031.82,0.41000000000000003,0,industrial,32
dp_10_0,construction_barrel,pro_construction_barrel_15,10290.75,897.1,0.47,0,industrial,32
dp_10_1,crate_cluster,pro_crate_cluster_11,10229.5,991.3,0.48,0,industrial,32
dp_10_2,dumpster,pro_dumpster_16,10229.5,1031.9,0.43,0,industrial,32
dp_11_0,barrier,pro_barrier_07,11545.75,987.5,0.38,0,industrial,32
dp_11_1,construction_barrel,pro_construction_barrel_15,11504.5,1057.25,0.44,0,industrial,32
dp_11_2,crate_cluster,pro_crate_cluster_11,11602.25,987.5,0.41000000000000003,0,industrial,32
dp_12_0,dumpster,pro_dumpster_01,13585.25,991.0,0.47,0,industrial,32
dp_12_1,utility_box,pro_utility_box_05,13627.5,991.0,0.42,0,industrial,32
dp_12_2,barrier,pro_barrier_07,13530.0,1077.5,0.4,0,industrial,32
dt_13_0,tree,veg_autumn_tree_04,14463.73,1082.5,0.9,0,dense_urban,31
dt_13_1,tree,veg_street_tree_08,14546.47,1082.5,0.82,0,dense_urban,31
dp_13_0,planter,pro_planter_13,14463.73,900.5,0.44,0,dense_urban,32
dp_13_1,hydrant,pro_hydrant_02,14546.47,900.5,0.41000000000000003,0,dense_urban,32
dp_14_0,barrier,pro_barrier_07,9873.5,1139.2,0.46,0,industrial,32
dp_14_1,construction_barrel,pro_construction_barrel_15,9916.0,1139.2,0.48,0,industrial,32
dp_14_2,crate_cluster,pro_crate_cluster_11,9958.5,1139.2,0.49,0,industrial,32
dp_15_0,crate_cluster,pro_crate_cluster_11,10026.6,1208.5,0.44,0,industrial,32
dp_15_1,dumpster,pro_dumpster_16,10118.8,1172.0,0.47,0,industrial,32
dp_15_2,utility_box,pro_utility_box_05,10158.4,1172.0,0.42,0,industrial,32
dp_16_0,barrier,pro_barrier_07,10511.25,1075.1,0.43,0,industrial,32
dp_16_1,construction_barrel,pro_construction_barrel_15,10559.0,1075.1,0.4,0,industrial,32
dp_16_2,crate_cluster,pro_crate_cluster_11,10450.5,1231.65,0.39,0,industrial,32
dp_17_0,barrier,pro_barrier_07,11309.0,1103.5,0.38,0,industrial,32
dp_17_1,construction_barrel,pro_construction_barrel_15,11346.0,1103.5,0.38,0,industrial,32
dp_17_2,crate_cluster,pro_crate_cluster_11,11383.0,1103.5,0.44,0,industrial,32
dt_18_0,tree,veg_street_tree_01,14569.9,1195.83,0.83,0,dense_urban,31
dt_18_1,tree,veg_street_tree_01,14569.9,1224.17,0.78,0,dense_urban,31
dp_18_0,planter,pro_planter_13,14333.0,1195.83,0.43,0,dense_urban,32
dp_18_1,hydrant,pro_hydrant_02,14333.0,1224.17,0.4,0,dense_urban,32
dp_19_0,utility_box,pro_utility_box_05,9684.05,1371.0,0.4,0,industrial,32
dp_19_1,barrier,pro_barrier_07,9719.7,1371.0,0.39,0,industrial,32
dp_19_2,construction_barrel,pro_construction_barrel_15,9755.35,1371.0,0.44,0,industrial,32
dt_20_0,tree,veg_autumn_tree_04,13526.83,1515.0,0.82,0,dense_urban,31
dt_20_1,tree,veg_autumn_tree_04,13686.5,1459.0,0.89,0,dense_urban,31
dp_20_0,planter,pro_planter_13,13443.0,1421.0,0.45,0,dense_urban,32
dp_20_1,hydrant,pro_hydrant_17,13443.0,1459.0,0.41000000000000003,0,dense_urban,32
dt_21_0,tree,veg_autumn_tree_04,13930.5,1371.73,0.83,0,dense_urban,31
dt_21_1,tree,veg_planter_tree_10,13852.17,1496.2,0.78,0,dense_urban,31
dp_21_0,bench,pro_bench_03,13791.83,1305.5,0.49,0,dense_urban,32
dp_21_1,utility_box,pro_utility_box_05,13718.5,1424.97,0.49,0,dense_urban,32
dt_22_0,tree,veg_autumn_tree_04,14468.67,1447.5,0.87,0,dense_urban,31
dt_22_1,tree,veg_planter_tree_10,14609.0,1395.83,0.8,0,dense_urban,31
dp_22_0,hydrant,pro_hydrant_02,14394.5,1362.17,0.49,0,dense_urban,32
dp_22_1,mailbox,pro_mailbox_04,14394.5,1395.83,0.49,0,dense_urban,32
dp_23_0,crate_cluster,pro_crate_cluster_11,9549.7,1557.25,0.46,0,industrial,32
dp_23_1,dumpster,pro_dumpster_01,9671.6,1515.5,0.48,0,industrial,32
dp_23_2,utility_box,pro_utility_box_05,9726.05,1515.5,0.49,0,industrial,32
dp_24_0,barrier,pro_barrier_07,13299.5,1527.75,0.4,0,industrial,32
dp_24_1,construction_barrel,pro_construction_barrel_15,13378.0,1474.5,0.45,0,industrial,32
dp_24_2,crate_cluster,pro_crate_cluster_11,13410.75,1474.5,0.41000000000000003,0,industrial,32
dt_25_0,tree,veg_planter_tree_03,13820.33,1681.9,0.96,0,dense_urban,31
dt_25_1,tree,veg_street_tree_01,13883.67,1681.9,0.85,0,dense_urban,31
dp_25_0,mailbox,pro_mailbox_04,13820.33,1540.0,0.48,0,dense_urban,32
dp_25_1,bench,pro_bench_18,13883.67,1540.0,0.43,0,dense_urban,32
dt_26_0,tree,veg_planter_tree_03,14063.33,1665.9,0.76,0,dense_urban,31
dt_26_1,tree,veg_autumn_tree_04,14104.67,1665.9,0.86,0,dense_urban,31
dp_26_0,utility_box,pro_utility_box_05,14063.33,1495.0,0.48,0,dense_urban,32
dp_26_1,planter,pro_planter_13,14009.0,1601.27,0.43,0,dense_urban,32
dt_27_0,tree,veg_planter_tree_10,14322.5,1622.27,0.91,0,dense_urban,31
dt_27_1,tree,veg_planter_tree_03,14268.17,1738.8,0.94,0,dense_urban,31
dp_27_0,hydrant,pro_hydrant_02,14231.83,1560.0,0.44,0,dense_urban,32
dp_27_1,mailbox,pro_mailbox_04,14268.17,1560.0,0.41000000000000003,0,dense_urban,32
dt_28_0,tree,veg_planter_tree_03,13535.6,1767.17,0.95,0,dense_urban,31
dt_28_1,tree,veg_planter_tree_10,13535.6,1798.83,0.84,0,dense_urban,31
dp_28_0,mailbox,pro_mailbox_04,13281.5,1767.17,0.46,0,dense_urban,32
dp_28_1,bench,pro_bench_03,13281.5,1798.83,0.42,0,dense_urban,32
dp_29_0,barrier,pro_barrier_07,7866.25,1847.5,0.45,0,industrial,32
dp_29_1,construction_barrel,pro_construction_barrel_15,7895.0,1847.5,0.47,0,industrial,32
dp_29_2,crate_cluster,pro_crate_cluster_11,7824.5,1964.75,0.48,0,industrial,32
dp_30_0,utility_box,pro_utility_box_05,8092.75,1912.5,0.38,0,industrial,32
dp_30_1,barrier,pro_barrier_07,8037.5,1990.0,0.44,0,industrial,32
dp_30_2,construction_barrel,pro_construction_barrel_15,8177.25,1912.5,0.47,0,industrial,32
dt_31_0,tree,veg_street_tree_08,13491.5,1909.17,0.79,0,dense_urban,31
dt_31_1,tree,veg_autumn_tree_04,13491.5,1942.83,0.88,0,dense_urban,31
dp_31_0,planter,pro_planter_13,13331.5,1909.17,0.41000000000000003,0,dense_urban,32
dp_31_1,hydrant,pro_hydrant_02,13430.5,1862.5,0.39,0,dense_urban,32
dt_32_0,tree,veg_autumn_tree_04,13787.83,2014.5,0.76,0,dense_urban,31
dt_32_1,tree,veg_planter_tree_10,13878.5,1950.3,0.75,0,dense_urban,31
dp_32_0,planter,pro_planter_13,13738.5,1904.1,0.42,0,dense_urban,32
dp_32_1,hydrant,pro_hydrant_02,13824.17,1844.9,0.4,0,dense_urban,32
dt_33_0,tree,veg_street_tree_01,14130.5,1918.03,0.85,0,dense_urban,31
dt_33_1,tree,veg_planter_tree_10,14050.83,2042.5,0.79,0,dense_urban,31
dp_33_0,utility_box,pro_utility_box_05,13989.17,1851.8,0.48,0,dense_urban,32
dp_33_1,planter,pro_planter_13,13914.5,1971.27,0.49,0,dense_urban,32
dt_34_0,tree,veg_planter_tree_10,14304.5,1957.63,0.9199999999999999,0,dense_urban,31
dt_34_1,tree,veg_planter_tree_10,14242.17,2064.5,0.83,0,dense_urban,31
dp_34_0,planter,pro_planter_13,14197.83,1900.2,0.44,0,dense_urban,32
dp_34_1,hydrant,pro_hydrant_17,14242.17,1900.2,0.47,0,dense_urban,32
dp_35_0,crate_cluster,pro_crate_cluster_11,7398.95,2120.5,0.39,0,industrial,32
dp_35_1,dumpster,pro_dumpster_01,7338.1,2179.0,0.44,0,industrial,32
dp_35_2,utility_box,pro_utility_box_05,7338.1,2201.75,0.47,0,industrial,32
dp_36_0,barrier,pro_barrier_07,7611.25,2012.1,0.46,0,industrial,32
dp_36_1,construction_barrel,pro_construction_barrel_15,7551.5,2102.3,0.42,0,industrial,32
dp_36_2,crate_cluster,pro_crate_cluster_11,7704.75,2012.1,0.4,0,industrial,32
dp_37_0,dumpster,pro_dumpster_16,9676.5,2087.53,0.48,0,industrial,32
dp_37_1,utility_box,pro_utility_box_05,9753.0,2023.7,0.43,0,industrial,32
dp_37_2,barrier,pro_barrier_07,9784.75,2023.7,0.4,0,industrial,32
dt_38_0,tree,veg_street_tree_01,13684.5,2067.63,0.91,0,dense_urban,31
dt_38_1,tree,veg_autumn_tree_04,13684.5,2112.07,0.94,0,dense_urban,31
dp_38_0,hydrant,pro_hydrant_02,13518.5,2067.63,0.44,0,dense_urban,32
dp_38_1,mailbox,pro_mailbox_04,13621.5,2010.2,0.47,0,dense_urban,32
dt_39_0,tree,veg_planter_tree_03,13801.83,2191.0,0.82,0,dense_urban,31
dt_39_1,tree,veg_planter_tree_10,13932.5,2128.13,0.78,0,dense_urban,31
dp_39_0,planter,pro_planter_13,13732.5,2083.27,0.41000000000000003,0,dense_urban,32
dp_39_1,hydrant,pro_hydrant_02,13858.17,2025.4,0.45,0,dense_urban,32
dt_40_0,tree,veg_street_tree_08,14185.0,2114.83,0.96,0,dense_urban,31
dt_40_1,tree,veg_planter_tree_10,14185.0,2160.17,0.96,0,dense_urban,31
dp_40_0,hydrant,pro_hydrant_17,13994.0,2114.83,0.46,0,dense_urban,32
dp_40_1,mailbox,pro_mailbox_04,13994.0,2160.17,0.42,0,dense_urban,32
dt_41_0,tree,veg_street_tree_01,14625.6,2086.17,0.94,0,dense_urban,31
dt_41_1,tree,veg_street_tree_08,14625.6,2139.83,0.84,0,dense_urban,31
dp_41_0,hydrant,pro_hydrant_17,14371.5,2086.17,0.38,0,dense_urban,32
dp_41_1,mailbox,pro_mailbox_04,14533.23,2019.5,0.38,0,dense_urban,32
dp_42_0,crate_cluster,pro_crate_cluster_11,7336.0,2263.75,0.44,0,industrial,32
dp_42_1,dumpster,pro_dumpster_01,7429.5,2224.5,0.47,0,industrial,32
dp_42_2,utility_box,pro_utility_box_05,7469.75,2224.5,0.48,0,industrial,32
dt_43_0,tree,veg_street_tree_08,12568.33,2460.5,0.88,0,dense_urban,31
dt_43_1,tree,veg_planter_tree_10,12661.0,2396.83,0.81,0,dense_urban,31
dp_43_0,bench,pro_bench_18,12518.0,2351.17,0.42,0,dense_urban,32
dp_43_1,utility_box,pro_utility_box_05,12605.67,2292.5,0.46,0,dense_urban,32
dt_44_0,tree,veg_planter_tree_03,14551.0,2357.33,0.89,0,dense_urban,31
dt_44_1,tree,veg_autumn_tree_04,14479.33,2438.0,0.81,0,dense_urban,31
dp_44_0,planter,pro_planter_13,14425.67,2313.0,0.41000000000000003,0,dense_urban,32
dp_44_1,hydrant,pro_hydrant_17,14359.0,2388.67,0.45,0,dense_urban,32
dp_45_0,barrier,pro_barrier_07,6603.5,2475.32,0.49,0,industrial,32
dp_45_1,construction_barrel,pro_construction_barrel_15,6603.5,2519.55,0.49,0,industrial,32
dp_45_2,crate_cluster,pro_crate_cluster_11,6603.5,2563.78,0.43,0,industrial,32
dp_46_0,dumpster,pro_dumpster_01,6946.0,2504.45,0.4,0,industrial,32
dp_46_1,utility_box,pro_utility_box_05,7044.0,2460.1,0.45,0,industrial,32
dp_46_2,barrier,pro_barrier_07,7086.5,2460.1,0.47,0,industrial,32
dp_47_0,utility_box,pro_utility_box_05,7209.0,2444.0,0.39,0,industrial,32
dp_47_1,barrier,pro_barrier_07,7209.0,2476.0,0.44,0,industrial,32
dp_47_2,construction_barrel,pro_construction_barrel_15,7209.0,2508.0,0.41000000000000003,0,industrial,32
dp_48_0,utility_box,pro_utility_box_05,7407.25,2416.5,0.49,0,industrial,32
dp_48_1,barrier,pro_barrier_07,7449.0,2416.5,0.43,0,industrial,32
dp_48_2,construction_barrel,pro_construction_barrel_15,7352.5,2500.75,0.4,0,industrial,32
dp_49_0,dumpster,pro_dumpster_16,10536.5,2433.5,0.43,0,industrial,32
dp_49_1,utility_box,pro_utility_box_05,10569.0,2433.5,0.46,0,industrial,32
dp_49_2,barrier,pro_barrier_07,10491.0,2542.5,0.42,0,industrial,32
dp_50_0,construction_barrel,pro_construction_barrel_15,11912.75,2457.0,0.43,0,industrial,32
dp_50_1,crate_cluster,pro_crate_cluster_11,11957.0,2457.0,0.46,0,industrial,32
dp_50_2,dumpster,pro_dumpster_16,11855.5,2586.85,0.48,0,industrial,32
dp_51_0,construction_barrel,pro_construction_barrel_15,12168.0,2465.0,0.43,0,industrial,32
dp_51_1,crate_cluster,pro_crate_cluster_11,12207.0,2465.0,0.46,0,industrial,32
dp_51_2,dumpster,pro_dumpster_16,12116.0,2561.18,0.42,0,industrial,32
dp_52_0,construction_barrel,pro_construction_barrel_15,12299.5,2469.75,0.48,0,industrial,32
dp_52_1,crate_cluster,pro_crate_cluster_11,12392.35,2429.5,0.49,0,industrial,32
dp_52_2,dumpster,pro_dumpster_16,12432.27,2429.5,0.43,0,industrial,32
dt_53_0,tree,veg_street_tree_01,14729.5,2470.37,0.9,0,dense_urban,31
dt_53_1,tree,veg_planter_tree_10,14659.17,2626.5,0.9299999999999999,0,dense_urban,31
dp_53_0,hydrant,pro_hydrant_17,14606.83,2388.3,0.46,0,dense_urban,32
dp_53_1,mailbox,pro_mailbox_04,14541.5,2539.43,0.42,0,dense_urban,32
dt_54_0,tree,veg_street_tree_01,14863.33,2606.5,0.91,0,dense_urban,31
dt_54_1,tree,veg_planter_tree_03,14988.0,2521.17,0.94,0,dense_urban,31
dp_54_0,bench,pro_bench_18,14797.0,2453.83,0.4,0,dense_urban,32
dp_54_1,utility_box,pro_utility_box_05,14916.67,2373.5,0.45,0,dense_urban,32
dp_55_0,crate_cluster,pro_crate_cluster_11,5968.0,2589.6,0.49,0,industrial,32
dp_55_1,dumpster,pro_dumpster_16,6015.0,2589.6,0.43,0,industrial,32
dp_55_2,utility_box,pro_utility_box_05,5908.0,2760.03,0.46,0,industrial,32
dp_56_0,construction_barrel,pro_construction_barrel_15,6110.0,2621.12,0.41000000000000003,0,industrial,32
dp_56_1,crate_cluster,pro_crate_cluster_11,6110.0,2658.75,0.45,0,industrial,32
dp_56_2,dumpster,pro_dumpster_16,6110.0,2696.38,0.47,0,industrial,32
dp_57_0,crate_cluster,pro_crate_cluster_11,6377.5,2619.9,0.41000000000000003,0,industrial,32
dp_57_1,dumpster,pro_dumpster_16,6377.5,2649.6,0.45,0,industrial,32
dp_57_2,utility_box,pro_utility_box_05,6377.5,2679.3,0.41000000000000003,0,industrial,32
dp_58_0,dumpster,pro_dumpster_01,6602.77,2653.5,0.48,0,industrial,32
dp_58_1,utility_box,pro_utility_box_05,6531.7,2725.0,0.49,0,industrial,32
dp_58_2,barrier,pro_barrier_07,6718.93,2653.5,0.49,0,industrial,32
dp_59_0,construction_barrel,pro_construction_barrel_15,7215.0,2616.6,0.46,0,industrial,32
dp_59_1,crate_cluster,pro_crate_cluster_11,7252.0,2616.6,0.48,0,industrial,32
dp_59_2,dumpster,pro_dumpster_01,7289.0,2616.6,0.43,0,industrial,32
dp_60_0,dumpster,pro_dumpster_01,10425.8,2700.75,0.47,0,industrial,32
dp_60_1,utility_box,pro_utility_box_05,10425.8,2729.0,0.48,0,industrial,32
dp_60_2,barrier,pro_barrier_07,10425.8,2757.25,0.43,0,industrial,32
dp_61_0,construction_barrel,pro_construction_barrel_15,12173.0,2603.5,0.48,0,industrial,32
dp_61_1,crate_cluster,pro_crate_cluster_11,12213.0,2603.5,0.49,0,industrial,32
dp_61_2,dumpster,pro_dumpster_01,12253.0,2603.5,0.43,0,industrial,32
dt_62_0,tree,veg_planter_tree_10,13574.83,2821.0,0.95,0,dense_urban,31
dt_62_1,tree,veg_autumn_tree_04,13713.5,2754.17,0.96,0,dense_urban,31
dp_62_0,mailbox,pro_mailbox_04,13501.5,2705.33,0.47,0,dense_urban,32
dp_62_1,bench,pro_bench_03,13635.17,2643.5,0.48,0,dense_urban,32
dt_63_0,tree,veg_planter_tree_10,13954.0,2662.63,0.85,0,dense_urban,31
dt_63_1,tree,veg_street_tree_01,13954.0,2707.07,0.79,0,dense_urban,31
dp_63_0,mailbox,pro_mailbox_04,13761.0,2662.63,0.46,0,dense_urban,32
dp_63_1,bench,pro_bench_03,13761.0,2707.07,0.48,0,dense_urban,32
dt_64_0,tree,veg_autumn_tree_04,14145.5,2643.77,0.74,0,dense_urban,31
dt_64_1,tree,veg_street_tree_08,14145.5,2699.63,0.74,0,dense_urban,31
dp_64_0,bench,pro_bench_03,13953.5,2643.77,0.41000000000000003,0,dense_urban,32
dp_64_1,utility_box,pro_utility_box_05,14073.83,2574.9,0.39,0,dense_urban,32
dt_65_0,tree,veg_autumn_tree_04,14341.0,2658.87,0.82,0,dense_urban,31
dt_65_1,tree,veg_autumn_tree_04,14341.0,2716.93,0.89,0,dense_urban,31
dp_65_0,bench,pro_bench_18,14194.0,2658.87,0.46,0,dense_urban,32
dp_65_1,utility_box,pro_utility_box_05,14194.0,2716.93,0.42,0,dense_urban,32
dt_66_0,tree,veg_autumn_tree_04,15221.3,2693.0,0.86,0,dense_urban,31
dt_66_1,tree,veg_planter_tree_10,15118.37,2787.0,0.8,0,dense_urban,31
dp_66_0,mailbox,pro_mailbox_04,15033.43,2642.0,0.49,0,dense_urban,32
dp_66_1,bench,pro_bench_18,15118.37,2642.0,0.43,0,dense_urban,32
dp_67_0,dumpster,pro_dumpster_16,5543.5,2859.55,0.47,0,industrial,32
dp_67_1,utility_box,pro_utility_box_05,5652.0,2811.9,0.42,0,industrial,32
dp_67_2,barrier,pro_barrier_07,5543.5,2928.85,0.46,0,industrial,32
dp_68_0,construction_barrel,pro_construction_barrel_15,6405.0,2763.6,0.43,0,industrial,32
dp_68_1,crate_cluster,pro_crate_cluster_11,6437.0,2763.6,0.4,0,industrial,32
dp_68_2,dumpster,pro_dumpster_01,6360.0,2895.4,0.39,0,industrial,32
dp_69_0,construction_barrel,pro_construction_barrel_15,10475.5,2892.5,0.4,0,industrial,32
dp_69_1,crate_cluster,pro_crate_cluster_11,10475.5,2921.0,0.39,0,industrial,32
dp_69_2,dumpster,pro_dumpster_01,10601.38,2851.0,0.44,0,industrial,32
dp_70_0,crate_cluster,pro_crate_cluster_11,11751.0,2821.75,0.43,0,industrial,32
dp_70_1,dumpster,pro_dumpster_16,11751.0,2848.0,0.4,0,industrial,32
dp_70_2,utility_box,pro_utility_box_05,11751.0,2874.25,0.45,0,industrial,32
dt_71_0,tree,veg_autumn_tree_04,12551.47,2933.5,0.96,0,dense_urban,31
dt_71_1,tree,veg_planter_tree_03,12705.0,2873.17,0.96,0,dense_urban,31
dp_71_0,mailbox,pro_mailbox_04,12470.7,2830.83,0.45,0,dense_urban,32
dp_71_1,bench,pro_bench_03,12470.7,2873.17,0.47,0,dense_urban,32
dt_72_0,tree,veg_planter_tree_03,13745.0,2871.33,0.8,0,dense_urban,31
dt_72_1,tree,veg_street_tree_08,13643.4,2960.0,0.77,0,dense_urban,31
dp_72_0,planter,pro_planter_13,13559.8,2823.0,0.47,0,dense_urban,32
dp_72_1,hydrant,pro_hydrant_02,13643.4,2823.0,0.42,0,dense_urban,32
dt_73_0,tree,veg_street_tree_08,15371.7,2885.17,0.74,0,dense_urban,31
dt_73_1,tree,veg_street_tree_08,15306.63,2986.5,0.85,0,dense_urban,31
dp_73_0,hydrant,pro_hydrant_17,15259.57,2830.5,0.4,0,dense_urban,32
dp_73_1,mailbox,pro_mailbox_04,15199.5,2926.83,0.45,0,dense_urban,32
dp_74_0,crate_cluster,pro_crate_cluster_11,4982.5,2999.7,0.39,0,industrial,32
dp_74_1,dumpster,pro_dumpster_01,4934.0,3095.85,0.44,0,industrial,32
dp_74_2,utility_box,pro_utility_box_05,4934.0,3137.42,0.41000000000000003,0,industrial,32
dp_75_0,dumpster,pro_dumpster_16,5164.25,2981.7,0.47,0,industrial,32
dp_75_1,utility_box,pro_utility_box_05,5108.5,3077.85,0.42,0,industrial,32
dp_75_2,barrier,pro_barrier_07,5108.5,3119.42,0.46,0,industrial,32
dp_76_0,utility_box,pro_utility_box_05,5356.5,2964.1,0.39,0,industrial,32
dp_76_1,barrier,pro_barrier_07,5400.0,2964.1,0.44,0,industrial,32
dp_76_2,construction_barrel,pro_construction_barrel_15,5300.0,3082.03,0.47,0,industrial,32
dp_77_0,construction_barrel,pro_construction_barrel_15,5544.0,3028.3,0.42,0,industrial,32
dp_77_1,crate_cluster,pro_crate_cluster_11,5544.0,3055.7,0.46,0,industrial,32
dp_77_2,dumpster,pro_dumpster_16,5671.0,2987.9,0.48,0,industrial,32
dp_78_0,dumpster,pro_dumpster_16,10285.5,3002.07,0.46,0,industrial,32
dp_78_1,utility_box,pro_utility_box_05,10372.0,2936.6,0.42,0,industrial,32
dp_78_2,barrier,pro_barrier_07,10408.75,2936.6,0.46,0,industrial,32
dt_79_0,tree,veg_planter_tree_10,12673.0,3094.83,0.85,0,dense_urban,31
dt_79_1,tree,veg_planter_tree_03,12583.73,3185.5,0.79,0,dense_urban,31
dp_79_0,planter,pro_planter_13,12512.47,3045.5,0.45,0,dense_urban,32
dp_79_1,hydrant,pro_hydrant_02,12428.2,3131.17,0.41000000000000003,0,dense_urban,32
dt_80_0,tree,veg_street_tree_08,13685.5,3093.5,0.78,0,dense_urban,31
dt_80_1,tree,veg_street_tree_01,13685.5,3128.5,0.87,0,dense_urban,31
dp_80_0,hydrant,pro_hydrant_17,13473.7,3093.5,0.43,0,dense_urban,32
dp_80_1,mailbox,pro_mailbox_04,13473.7,3128.5,0.4,0,dense_urban,32
dt_81_0,tree,veg_street_tree_01,15100.53,3173.0,0.89,0,dense_urban,31
dt_81_1,tree,veg_planter_tree_10,15242.6,3119.67,0.81,0,dense_urban,31
dp_81_0,hydrant,pro_hydrant_17,15025.5,3084.33,0.48,0,dense_urban,32
dp_81_1,mailbox,pro_mailbox_04,15025.5,3119.67,0.49,0,dense_urban,32
dp_82_0,dumpster,pro_dumpster_16,6634.27,3220.5,0.42,0,industrial,32
dp_82_1,utility_box,pro_utility_box_05,6565.5,3291.0,0.46,0,industrial,32
dp_82_2,barrier,pro_barrier_07,6745.82,3220.5,0.42,0,industrial,32
dt_83_0,tree,veg_street_tree_01,11885.1,3257.83,0.83,0,dense_urban,31
dt_83_1,tree,veg_planter_tree_03,11798.9,3356.5,0.9,0,dense_urban,31
dp_83_0,hydrant,pro_hydrant_17,11730.7,3204.5,0.4,0,dense_urban,32
dp_83_1,mailbox,pro_mailbox_04,11798.9,3204.5,0.45,0,dense_urban,32
dt_84_0,tree,veg_autumn_tree_04,12707.5,3257.5,0.9,0,dense_urban,31
dt_84_1,tree,veg_planter_tree_03,12707.5,3290.5,0.9299999999999999,0,dense_urban,31
dp_84_0,utility_box,pro_utility_box_05,12427.0,3257.5,0.4,0,dense_urban,32
dp_84_1,planter,pro_planter_13,12427.0,3290.5,0.45,0,dense_urban,32
dt_85_0,tree,veg_planter_tree_03,14794.5,3262.93,0.89,0,dense_urban,31
dt_85_1,tree,veg_street_tree_01,14718.83,3369.8,0.81,0,dense_urban,31
dp_85_0,mailbox,pro_mailbox_04,14661.17,3205.5,0.45,0,dense_urban,32
dp_85_1,bench,pro_bench_03,14590.5,3307.37,0.41000000000000003,0,dense_urban,32
dt_86_0,tree,veg_street_tree_01,15149.5,3244.87,0.78,0,dense_urban,31
dt_86_1,tree,veg_planter_tree_10,15079.83,3335.0,0.76,0,dense_urban,31
dp_86_0,mailbox,pro_mailbox_04,15028.17,3195.8,0.42,0,dense_urban,32
dp_86_1,bench,pro_bench_18,15079.83,3195.8,0.4,0,dense_urban,32
dt_87_0,tree,veg_street_tree_01,15274.77,3356.5,0.75,0,dense_urban,31
dt_87_1,tree,veg_planter_tree_03,15342.53,3356.5,0.74,0,dense_urban,31
dp_87_0,planter,pro_planter_13,15274.77,3216.5,0.43,0,dense_urban,32
dp_87_1,hydrant,pro_hydrant_02,15194.0,3302.17,0.46,0,dense_urban,32
dt_88_0,tree,veg_planter_tree_10,4525.5,3396.67,0.9,0,residential,31
dt_88_1,tree,veg_autumn_tree_04,4525.5,3446.83,0.82,0,residential,31
dp_88_0,hydrant,pro_hydrant_17,4371.5,3421.75,0.41000000000000003,0,residential,32
dt_89_0,tree,veg_planter_tree_10,4623.0,3519.0,0.96,0,residential,31
dt_89_1,tree,veg_street_tree_01,4669.0,3519.0,0.85,0,residential,31
dp_89_0,bench,pro_bench_18,4646.0,3361.3,0.47,0,residential,32
dt_90_0,tree,veg_autumn_tree_04,4918.5,3417.53,0.9,0,residential,31
dt_90_1,tree,veg_street_tree_01,4918.5,3481.77,0.9299999999999999,0,residential,31
dp_90_0,hydrant,pro_hydrant_17,4778.5,3449.65,0.48,0,residential,32
dt_91_0,tree,veg_autumn_tree_04,5050.0,3468.33,0.8,0,residential,31
dt_91_1,tree,veg_autumn_tree_04,5050.0,3507.67,0.77,0,residential,31
dp_91_0,bench,pro_bench_18,4903.0,3488.0,0.39,0,residential,32
dp_92_0,dumpster,pro_dumpster_01,6558.0,3392.27,0.42,0,industrial,32
dp_92_1,utility_box,pro_utility_box_05,6558.0,3427.35,0.46,0,industrial,32
dp_92_2,barrier,pro_barrier_07,6686.5,3344.2,0.42,0,industrial,32
dt_93_0,tree,veg_autumn_tree_04,11959.9,3402.5,0.84,0,dense_urban,31
dt_93_1,tree,veg_planter_tree_03,11959.9,3449.5,0.9,0,dense_urban,31
dp_93_0,mailbox,pro_mailbox_04,11737.5,3402.5,0.38,0,dense_urban,32
dp_93_1,bench,pro_bench_18,11737.5,3449.5,0.44,0,dense_urban,32
dt_94_0,tree,veg_autumn_tree_04,12354.0,3434.67,0.78,0,dense_urban,31
dt_94_1,tree,veg_planter_tree_10,12354.0,3483.33,0.76,0,dense_urban,31
dp_94_0,utility_box,pro_utility_box_05,12061.6,3434.67,0.47,0,dense_urban,32
dp_94_1,planter,pro_planter_13,12248.87,3373.0,0.48,0,dense_urban,32
dt_95_0,tree,veg_planter_tree_10,12690.5,3431.27,0.76,0,dense_urban,31
dt_95_1,tree,veg_autumn_tree_04,12614.83,3532.0,0.86,0,dense_urban,31
dp_95_0,bench,pro_bench_03,12557.17,3376.9,0.45,0,dense_urban,32
dp_95_1,utility_box,pro_utility_box_05,12486.5,3472.63,0.47,0,dense_urban,32
dt_96_0,tree,veg_street_tree_01,14240.67,3566.0,0.95,0,dense_urban,31
dt_96_1,tree,veg_street_tree_08,14352.0,3482.87,0.96,0,dense_urban,31
dp_96_0,bench,pro_bench_03,14181.0,3417.73,0.41000000000000003,0,dense_urban,32
dp_96_1,utility_box,pro_utility_box_05,14287.33,3339.6,0.39,0,dense_urban,32
dt_97_0,tree,veg_street_tree_01,14423.17,3532.0,0.8,0,dense_urban,31
dt_97_1,tree,veg_planter_tree_03,14512.5,3449.77,0.77,0,dense_urban,31
dp_97_0,bench,pro_bench_03,14374.5,3385.53,0.42,0,dense_urban,32
dp_97_1,utility_box,pro_utility_box_05,14458.83,3308.3,0.46,0,dense_urban,32
dt_98_0,tree,veg_planter_tree_03,14733.5,3411.67,0.91,0,dense_urban,31
dt_98_1,tree,veg_street_tree_08,14733.5,3465.33,0.94,0,dense_urban,31
dp_98_0,planter,pro_planter_13,14527.5,3411.67,0.48,0,dense_urban,32
dp_98_1,hydrant,pro_hydrant_17,14657.17,3345.0,0.49,0,dense_urban,32
dt_99_0,tree,veg_planter_tree_03,15446.6,3444.67,0.79,0,dense_urban,31
dt_99_1,tree,veg_planter_tree_10,15361.73,3536.0,0.76,0,dense_urban,31
dp_99_0,hydrant,pro_hydrant_02,15294.87,3395.0,0.45,0,dense_urban,32
dp_99_1,mailbox,pro_mailbox_04,15215.0,3481.33,0.41000000000000003,0,dense_urban,32
dt_100_0,tree,veg_planter_tree_03,3645.5,3585.77,0.87,0,residential,31
dt_100_1,tree,veg_street_tree_01,3645.5,3638.13,0.8,0,residential,31
dp_100_0,planter,pro_planter_13,3487.5,3611.95,0.47,0,residential,32
dt_101_0,tree,veg_street_tree_08,4106.63,3716.0,0.79,0,residential,31
dt_101_1,tree,veg_planter_tree_10,4250.5,3668.67,0.88,0,residential,31
dp_101_0,hydrant,pro_hydrant_17,4030.7,3654.0,0.45,0,residential,32
dt_102_0,tree,veg_street_tree_01,5112.5,3636.0,0.8,0,residential,31
dt_102_1,tree,veg_street_tree_01,5040.37,3714.0,0.88,0,residential,31
dp_102_0,hydrant,pro_hydrant_02,5013.3,3593.0,0.45,0,residential,32
dt_103_0,tree,veg_autumn_tree_04,11780.93,3700.0,0.78,0,dense_urban,31
dt_103_1,tree,veg_autumn_tree_04,11832.87,3700.0,0.87,0,dense_urban,31
dp_103_0,hydrant,pro_hydrant_02,11780.93,3587.0,0.49,0,dense_urban,32
dp_103_1,mailbox,pro_mailbox_04,11716.0,3654.67,0.43,0,dense_urban,32
dt_104_0,tree,veg_street_tree_08,15223.43,3733.5,0.76,0,dense_urban,31
dt_104_1,tree,veg_street_tree_01,15278.87,3733.5,0.75,0,dense_urban,31
dp_104_0,hydrant,pro_hydrant_17,15223.43,3585.5,0.43,0,dense_urban,32
dp_104_1,mailbox,pro_mailbox_04,15278.87,3585.5,0.4,0,dense_urban,32
dt_105_0,tree,veg_street_tree_08,3351.67,3882.0,0.82,0,residential,31
dt_105_1,tree,veg_street_tree_01,3455.0,3808.57,0.89,0,residential,31
dp_105_0,hydrant,pro_hydrant_17,3296.0,3780.85,0.48,0,residential,32
dt_106_0,tree,veg_autumn_tree_04,3632.5,3795.4,0.95,0,residential,31
dt_106_1,tree,veg_planter_tree_10,3566.17,3919.0,0.96,0,residential,31
dp_106_0,planter,pro_planter_13,3542.0,3729.6,0.41000000000000003,0,residential,32
dt_107_0,tree,veg_street_tree_08,3838.5,3796.27,0.74,0,residential,31
dt_107_1,tree,veg_street_tree_01,3838.5,3859.63,0.74,0,residential,31
dp_107_0,planter,pro_planter_13,3680.5,3827.95,0.46,0,residential,32
dt_108_0,tree,veg_street_tree_01,3962.5,3854.5,0.94,0,residential,31
dt_108_1,tree,veg_street_tree_08,4050.5,3791.17,0.84,0,residential,31
dp_108_0,planter,pro_planter_13,3914.5,3768.5,0.39,0,residential,32
dt_109_0,tree,veg_autumn_tree_04,4162.5,3857.5,0.89,0,residential,31
dt_109_1,tree,veg_autumn_tree_04,4298.5,3793.53,0.9299999999999999,0,residential,31
dp_109_0,bench,pro_bench_03,4090.5,3770.55,0.42,0,residential,32
dt_110_0,tree,veg_planter_tree_10,4994.43,3874.0,0.88,0,residential,31
dt_110_1,tree,veg_autumn_tree_04,5049.87,3874.0,0.9199999999999999,0,residential,31
dp_110_0,planter,pro_planter_13,5022.15,3713.0,0.49,0,residential,32
dt_111_0,tree,veg_planter_tree_03,5169.0,3947.9,0.96,0,residential,31
dt_111_1,tree,veg_planter_tree_10,5295.0,3866.1,0.85,0,residential,31
dp_111_0,planter,pro_planter_13,5102.0,3834.2,0.48,0,residential,32
dp_112_0,dumpster,pro_dumpster_01,7865.5,3751.0,0.44,0,industrial,32
dp_112_1,utility_box,pro_utility_box_05,7905.0,3751.0,0.47,0,industrial,32
dp_112_2,barrier,pro_barrier_07,7944.5,3751.0,0.42,0,industrial,32
dt_113_0,tree,veg_autumn_tree_04,11943.6,3772.5,0.85,0,dense_urban,31
dt_113_1,tree,veg_autumn_tree_04,11846.4,3860.5,0.91,0,dense_urban,31
dp_113_0,utility_box,pro_utility_box_05,11767.2,3724.5,0.41000000000000003,0,dense_urban,32
dp_113_1,planter,pro_planter_13,11846.4,3724.5,0.45,0,dense_urban,32
dt_114_0,tree,veg_autumn_tree_04,12267.0,3800.0,0.9299999999999999,0,dense_urban,31
dt_114_1,tree,veg_planter_tree_03,12203.0,3906.0,0.83,0,dense_urban,31
dp_114_0,utility_box,pro_utility_box_05,12157.0,3743.0,0.42,0,dense_urban,32
dp_114_1,planter,pro_planter_13,12098.0,3844.0,0.4,0,dense_urban,32
dt_115_0,tree,veg_planter_tree_03,12455.5,3825.17,0.74,0,dense_urban,31
dt_115_1,tree,veg_autumn_tree_04,12379.87,3934.5,0.85,0,dense_urban,31
dp_115_0,mailbox,pro_mailbox_04,12322.23,3766.5,0.49,0,dense_urban,32
dp_115_1,bench,pro_bench_18,12251.6,3870.83,0.49,0,dense_urban,32
dt_116_0,tree,veg_autumn_tree_04,15002.33,3931.2,0.79,0,dense_urban,31
dt_116_1,tree,veg_autumn_tree_04,15051.67,3931.2,0.76,0,dense_urban,31
dp_116_0,mailbox,pro_mailbox_04,15002.33,3755.0,0.43,0,dense_urban,32
dp_116_1,bench,pro_bench_18,14940.0,3864.8,0.4,0,dense_urban,32
dt_117_0,tree,veg_planter_tree_10,15214.5,3940.1,0.86,0,dense_urban,31
dt_117_1,tree,veg_planter_tree_10,15306.5,3885.57,0.91,0,dense_urban,31
dp_117_0,bench,pro_bench_03,15164.5,3849.03,0.48,0,dense_urban,32
dp_117_1,utility_box,pro_utility_box_05,15164.5,3885.57,0.43,0,dense_urban,32
dt_118_0,tree,veg_planter_tree_03,15549.0,3801.37,0.87,0,dense_urban,31
dt_118_1,tree,veg_street_tree_01,15469.67,3957.5,0.8,0,dense_urban,31
dp_118_0,mailbox,pro_mailbox_04,15408.33,3719.3,0.44,0,dense_urban,32
dp_118_1,bench,pro_bench_18,15334.0,3870.43,0.41000000000000003,0,dense_urban,32
dt_119_0,tree,veg_street_tree_01,3119.1,4083.5,0.74,0,residential,31
dt_119_1,tree,veg_autumn_tree_04,3229.5,4018.5,0.74,0,residential,31
dp_119_0,planter,pro_planter_13,3059.9,3995.0,0.41000000000000003,0,residential,32
dt_120_0,tree,veg_street_tree_08,5045.5,3924.87,0.9299999999999999,0,residential,31
dt_120_1,tree,veg_street_tree_01,4992.5,4066.0,0.95,0,residential,31
dp_120_0,planter,pro_planter_13,4975.0,3850.3,0.47,0,residential,32
dp_121_0,barrier,pro_barrier_07,7607.5,3948.5,0.4,0,industrial,32
dp_121_1,construction_barrel,pro_construction_barrel_15,7607.5,3977.0,0.39,0,industrial,32
dp_121_2,crate_cluster,pro_crate_cluster_11,7811.6,3907.0,0.44,0,industrial,32
dt_122_0,tree,veg_planter_tree_10,11494.0,3989.67,0.84,0,dense_urban,31
dt_122_1,tree,veg_autumn_tree_04,11494.0,4030.33,0.9,0,dense_urban,31
dp_122_0,mailbox,pro_mailbox_04,11345.0,3989.67,0.4,0,dense_urban,32
dp_122_1,bench,pro_bench_18,11345.0,4030.33,0.45,0,dense_urban,32
dt_123_0,tree,veg_autumn_tree_04,11542.83,4081.0,0.74,0,dense_urban,31
dt_123_1,tree,veg_planter_tree_03,11661.5,4014.17,0.85,0,dense_urban,31
dp_123_0,utility_box,pro_utility_box_05,11479.5,3965.33,0.46,0,dense_urban,32
dp_123_1,planter,pro_planter_13,11479.5,4014.17,0.42,0,dense_urban,32
dt_124_0,tree,veg_planter_tree_10,11876.0,3956.97,0.85,0,dense_urban,31
dt_124_1,tree,veg_street_tree_01,11816.0,4088.5,0.91,0,dense_urban,31
dp_124_0,utility_box,pro_utility_box_05,11774.0,3887.2,0.38,0,dense_urban,32
dp_124_1,planter,pro_planter_13,11816.0,3887.2,0.38,0,dense_urban,32
dt_125_0,tree,veg_planter_tree_03,11931.33,4061.5,0.82,0,dense_urban,31
dt_125_1,tree,veg_autumn_tree_04,12068.0,3998.17,0.78,0,dense_urban,31
dp_125_0,mailbox,pro_mailbox_04,11859.0,3952.83,0.43,0,dense_urban,32
dp_125_1,bench,pro_bench_03,11990.67,3894.5,0.4,0,dense_urban,32
dt_126_0,tree,veg_street_tree_01,14763.0,4016.57,0.79,0,dense_urban,31
dt_126_1,tree,veg_planter_tree_03,14763.0,4071.13,0.88,0,dense_urban,31
dp_126_0,planter,pro_planter_13,14626.0,4016.57,0.41000000000000003,0,dense_urban,32
dp_126_1,hydrant,pro_hydrant_02,14709.67,3949.0,0.45,0,dense_urban,32
dt_127_0,tree,veg_autumn_tree_04,14988.0,4036.73,0.8,0,dense_urban,31
dt_127_1,tree,veg_planter_tree_03,14908.67,4161.2,0.77,0,dense_urban,31
dp_127_0,hydrant,pro_hydrant_02,14847.33,3970.5,0.46,0,dense_urban,32
dp_127_1,mailbox,pro_mailbox_04,14908.67,3970.5,0.42,0,dense_urban,32
dt_128_0,tree,veg_autumn_tree_04,15080.0,4055.0,0.79,0,dense_urban,31
dt_128_1,tree,veg_autumn_tree_04,15122.0,4055.0,0.76,0,dense_urban,31
dp_128_0,bench,pro_bench_03,15080.0,3907.7,0.44,0,dense_urban,32
dp_128_1,utility_box,pro_utility_box_05,15025.0,3998.23,0.41000000000000003,0,dense_urban,32
dt_129_0,tree,veg_planter_tree_03,15223.33,4104.0,0.94,0,dense_urban,31
dt_129_1,tree,veg_planter_tree_03,15278.67,4104.0,0.84,0,dense_urban,31
dp_129_0,hydrant,pro_hydrant_17,15223.33,3922.5,0.43,0,dense_urban,32
dp_129_1,mailbox,pro_mailbox_04,15278.67,3922.5,0.4,0,dense_urban,32
dt_130_0,tree,veg_street_tree_08,15807.0,3973.73,0.75,0,dense_urban,31
dt_130_1,tree,veg_autumn_tree_04,15807.0,4016.87,0.86,0,dense_urban,31
dp_130_0,mailbox,pro_mailbox_04,15626.0,3973.73,0.41000000000000003,0,dense_urban,32
dp_130_1,bench,pro_bench_03,15739.0,3917.6,0.45,0,dense_urban,32
dt_131_0,tree,veg_street_tree_01,2914.5,4127.27,0.78,0,residential,31
dt_131_1,tree,veg_street_tree_01,2914.5,4194.13,0.76,0,residential,31
dp_131_0,bench,pro_bench_03,2706.5,4160.7,0.47,0,residential,32
dt_132_0,tree,veg_street_tree_01,3270.5,4143.33,0.91,0,residential,31
dt_132_1,tree,veg_planter_tree_10,3187.83,4268.0,0.94,0,residential,31
dp_132_0,hydrant,pro_hydrant_02,3155.5,4077.0,0.45,0,residential,32
dp_133_0,barrier,pro_barrier_07,6147.4,4183.0,0.4,0,industrial,32
dp_133_1,construction_barrel,pro_construction_barrel_15,6147.4,4212.0,0.45,0,industrial,32
dp_133_2,crate_cluster,pro_crate_cluster_11,6299.97,4141.0,0.41000000000000003,0,industrial,32
dp_134_0,barrier,pro_barrier_07,9680.25,4131.5,0.43,0,industrial,32
dp_134_1,construction_barrel,pro_construction_barrel_15,9625.5,4227.0,0.46,0,industrial,32
dp_134_2,crate_cluster,pro_crate_cluster_11,9625.5,4268.25,0.42,0,industrial,32
dp_135_0,construction_barrel,pro_construction_barrel_15,9916.0,4096.5,0.49,0,industrial,32
dp_135_1,crate_cluster,pro_crate_cluster_11,9857.0,4172.0,0.43,0,industrial,32
dp_135_2,dumpster,pro_dumpster_01,9857.0,4203.25,0.46,0,industrial,32
dt_136_0,tree,veg_autumn_tree_04,14591.6,4182.5,0.83,0,dense_urban,31
dt_136_1,tree,veg_street_tree_08,14494.4,4290.5,0.78,0,dense_urban,31
dp_136_0,hydrant,pro_hydrant_17,14415.2,4124.5,0.48,0,dense_urban,32
dp_136_1,mailbox,pro_mailbox_04,14323.0,4227.5,0.43,0,dense_urban,32
dt_137_0,tree,veg_autumn_tree_04,14974.0,4208.17,0.9299999999999999,0,dense_urban,31
dt_137_1,tree,veg_street_tree_01,14974.0,4259.83,0.95,0,dense_urban,31
dp_137_0,utility_box,pro_utility_box_05,14684.3,4208.17,0.4,0,dense_urban,32
dp_137_1,planter,pro_planter_13,14869.77,4143.5,0.39,0,dense_urban,32
dt_138_0,tree,veg_planter_tree_10,15033.33,4295.0,0.8,0,dense_urban,31
dt_138_1,tree,veg_autumn_tree_04,15088.67,4295.0,0.88,0,dense_urban,31
dp_138_0,hydrant,pro_hydrant_02,15033.33,4178.0,0.45,0,dense_urban,32
dp_138_1,mailbox,pro_mailbox_04,14965.0,4248.33,0.47,0,dense_urban,32
dt_139_0,tree,veg_street_tree_08,15634.07,4313.5,0.96,0,dense_urban,31
dt_139_1,tree,veg_street_tree_01,15768.2,4242.5,0.85,0,dense_urban,31
dp_139_0,bench,pro_bench_18,15563.0,4189.5,0.44,0,dense_urban,32
dp_139_1,utility_box,pro_utility_box_05,15692.13,4123.5,0.47,0,dense_urban,32
dt_140_0,tree,veg_autumn_tree_04,15885.0,4282.5,0.85,0,dense_urban,31
dt_140_1,tree,veg_street_tree_08,15951.0,4282.5,0.79,0,dense_urban,31
dp_140_0,utility_box,pro_utility_box_05,15885.0,4081.2,0.43,0,dense_urban,32
dp_140_1,planter,pro_planter_13,15806.0,4207.73,0.4,0,dense_urban,32
dt_141_0,tree,veg_autumn_tree_04,2486.5,4344.73,0.9199999999999999,0,residential,31
dt_141_1,tree,veg_planter_tree_03,2486.5,4409.87,0.83,0,residential,31
dp_141_0,hydrant,pro_hydrant_02,2314.5,4377.3,0.44,0,residential,32
dt_142_0,tree,veg_autumn_tree_04,2525.17,4456.0,0.77,0,residential,31
dt_142_1,tree,veg_street_tree_08,2646.5,4380.8,0.75,0,residential,31
dp_142_0,bench,pro_bench_18,2460.5,4352.2,0.49,0,residential,32
dt_143_0,tree,veg_street_tree_08,3049.0,4354.8,0.89,0,residential,31
dt_143_1,tree,veg_planter_tree_03,3049.0,4416.4,0.81,0,residential,31
dp_143_0,bench,pro_bench_18,2904.0,4385.6,0.44,0,residential,32
dt_144_0,tree,veg_autumn_tree_04,3147.5,4479.5,0.9299999999999999,0,residential,31
dt_144_1,tree,veg_street_tree_08,3295.5,4401.23,0.83,0,residential,31
dp_144_0,bench,pro_bench_18,3069.5,4371.1,0.4,0,residential,32
dt_145_0,tree,veg_planter_tree_03,3931.1,4358.67,0.83,0,residential,31
dt_145_1,tree,veg_planter_tree_10,3854.57,4458.0,0.9,0,residential,31
dp_145_0,hydrant,pro_hydrant_02,3825.3,4305.0,0.44,0,residential,32
dt_146_0,tree,veg_street_tree_08,4097.5,4324.53,0.86,0,residential,31
dt_146_1,tree,veg_street_tree_08,4097.5,4385.27,0.8,0,residential,31
dp_146_0,planter,pro_planter_13,3921.5,4354.9,0.45,0,residential,32
dt_147_0,tree,veg_planter_tree_03,4280.5,4372.2,0.83,0,residential,31
dt_147_1,tree,veg_autumn_tree_04,4224.83,4504.6,0.9,0,residential,31
dp_147_0,hydrant,pro_hydrant_17,4206.0,4302.0,0.45,0,residential,32
dt_148_0,tree,veg_street_tree_01,4392.17,4509.1,0.91,0,residential,31
dt_148_1,tree,veg_street_tree_08,4525.5,4440.07,0.82,0,residential,31
dp_148_0,bench,pro_bench_03,4321.5,4414.55,0.39,0,residential,32
dp_149_0,construction_barrel,pro_construction_barrel_15,5786.5,4385.27,0.45,0,bridge_highway,32
dp_149_1,bollard,pro_bollard_09,5786.5,4442.03,0.41000000000000003,0,bridge_highway,32
dp_150_0,bollard,pro_bollard_09,6048.67,4345.5,0.42,0,bridge_highway,32
dp_150_1,utility_box,pro_utility_box_05,6103.33,4345.5,0.46,0,bridge_highway,32
dp_151_0,barrier,pro_barrier_07,6246.1,4279.5,0.39,0,bridge_highway,32
dp_151_1,construction_barrel,pro_construction_barrel_15,6292.3,4279.5,0.44,0,bridge_highway,32
dt_152_0,tree,veg_planter_tree_10,14474.27,4497.0,0.84,0,dense_urban,31
dt_152_1,tree,veg_autumn_tree_04,14531.03,4497.0,0.9,0,dense_urban,31
dp_152_0,planter,pro_planter_13,14474.27,4326.0,0.38,0,dense_urban,32
dp_152_1,hydrant,pro_hydrant_02,14404.5,4432.33,0.44,0,dense_urban,32
dt_153_0,tree,veg_autumn_tree_04,15006.67,4458.5,0.82,0,dense_urban,31
dt_153_1,tree,veg_street_tree_08,15060.33,4458.5,0.78,0,dense_urban,31
dp_153_0,planter,pro_planter_13,15006.67,4344.5,0.4,0,dense_urban,32
dp_153_1,hydrant,pro_hydrant_17,15060.33,4344.5,0.45,0,dense_urban,32
dt_154_0,tree,veg_street_tree_08,15683.33,4466.5,0.76,0,dense_urban,31
dt_154_1,tree,veg_planter_tree_10,15824.0,4418.83,0.86,0,dense_urban,31
dp_154_0,planter,pro_planter_13,15609.0,4389.17,0.46,0,dense_urban,32
dp_154_1,hydrant,pro_hydrant_02,15609.0,4418.83,0.42,0,dense_urban,32
dt_155_0,tree,veg_street_tree_01,15940.0,4328.83,0.89,0,dense_urban,31
dt_155_1,tree,veg_planter_tree_10,15885.33,4437.5,0.81,0,dense_urban,31
dp_155_0,planter,pro_planter_13,15848.67,4270.5,0.38,0,dense_urban,32
dp_155_1,hydrant,pro_hydrant_02,15799.0,4374.17,0.38,0,dense_urban,32
dt_156_0,tree,veg_autumn_tree_04,2111.43,4610.0,0.79,0,residential,31
dt_156_1,tree,veg_planter_tree_03,2290.5,4552.0,0.76,0,residential,31
dp_156_0,bench,pro_bench_18,2017.9,4532.0,0.43,0,residential,32
dp_157_0,bollard,pro_bollard_09,5764.0,4580.37,0.42,0,bridge_highway,32
dp_157_1,utility_box,pro_utility_box_05,5891.67,4526.0,0.46,0,bridge_highway,32
dp_158_0,barrier,pro_barrier_07,6016.17,4493.5,0.42,0,bridge_highway,32
dp_158_1,construction_barrel,pro_construction_barrel_15,5957.5,4621.77,0.46,0,bridge_highway,32
dp_159_0,utility_box,pro_utility_box_05,6102.5,4536.0,0.45,0,bridge_highway,32
dp_159_1,barrier,pro_barrier_07,6102.5,4566.0,0.41000000000000003,0,bridge_highway,32
dt_160_0,tree,veg_planter_tree_10,10671.4,4522.5,0.79,0,dense_urban,31
dt_160_1,tree,veg_street_tree_08,10607.43,4626.5,0.76,0,dense_urban,31
dp_160_0,mailbox,pro_mailbox_04,10561.47,4466.5,0.39,0,dense_urban,32
dp_160_1,bench,pro_bench_18,10502.5,4565.5,0.38,0,dense_urban,32
dt_161_0,tree,veg_street_tree_08,14353.0,4597.97,0.81,0,dense_urban,31
dt_161_1,tree,veg_street_tree_01,14269.67,4733.9,0.89,0,dense_urban,31
dp_161_0,mailbox,pro_mailbox_04,14204.33,4526.0,0.43,0,dense_urban,32
dp_161_1,bench,pro_bench_03,14269.67,4526.0,0.4,0,dense_urban,32
dt_162_0,tree,veg_street_tree_08,14450.07,4596.0,0.8,0,dense_urban,31
dt_162_1,tree,veg_street_tree_01,14599.2,4548.67,0.88,0,dense_urban,31
dp_162_0,hydrant,pro_hydrant_17,14371.5,4519.33,0.47,0,dense_urban,32
dp_162_1,mailbox,pro_mailbox_04,14371.5,4548.67,0.42,0,dense_urban,32
dt_163_0,tree,veg_autumn_tree_04,14964.03,4704.5,0.74,0,dense_urban,31
dt_163_1,tree,veg_street_tree_08,15035.77,4704.5,0.85,0,dense_urban,31
dp_163_0,utility_box,pro_utility_box_05,14964.03,4512.5,0.38,0,dense_urban,32
dp_163_1,planter,pro_planter_13,14879.3,4632.83,0.38,0,dense_urban,32
dt_164_0,tree,veg_autumn_tree_04,1871.5,4714.37,0.9299999999999999,0,residential,31
dt_164_1,tree,veg_planter_tree_10,1791.17,4819.5,0.83,0,residential,31
dp_164_0,hydrant,pro_hydrant_17,1760.0,4657.8,0.45,0,residential,32
dt_165_0,tree,veg_autumn_tree_04,2052.0,4752.27,0.9199999999999999,0,residential,31
dt_165_1,tree,veg_autumn_tree_04,2052.0,4797.13,0.94,0,residential,31
dp_165_0,hydrant,pro_hydrant_17,1885.0,4774.7,0.48,0,residential,32
dp_166_0,bollard,pro_bollard_09,7595.5,4727.5,0.42,0,bridge_highway,32
dp_166_1,utility_box,pro_utility_box_05,7595.5,4770.5,0.46,0,bridge_highway,32
dt_167_0,tree,veg_autumn_tree_04,10387.33,4807.5,0.96,0,dense_urban,31
dt_167_1,tree,veg_street_tree_08,10458.17,4807.5,0.85,0,dense_urban,31
dp_167_0,utility_box,pro_utility_box_05,10387.33,4617.5,0.4,0,dense_urban,32
dp_167_1,planter,pro_planter_13,10458.17,4617.5,0.39,0,dense_urban,32
dt_168_0,tree,veg_autumn_tree_04,12579.5,4913.8,0.85,0,dense_urban,31
dt_168_1,tree,veg_planter_tree_03,12667.5,4824.53,0.79,0,dense_urban,31
dp_168_0,utility_box,pro_utility_box_05,12531.5,4753.27,0.47,0,dense_urban,32
dp_168_1,planter,pro_planter_13,12531.5,4824.53,0.42,0,dense_urban,32
dt_169_0,tree,veg_planter_tree_10,15386.0,4730.47,0.87,0,dense_urban,31
dt_169_1,tree,veg_planter_tree_10,15386.0,4798.23,0.9199999999999999,0,dense_urban,31
dp_169_0,bench,pro_bench_03,15173.0,4730.47,0.38,0,dense_urban,32
dp_169_1,utility_box,pro_utility_box_05,15307.33,4649.7,0.38,0,dense_urban,32
dt_170_0,tree,veg_street_tree_08,207.0,4866.8,0.87,0,residential,31
dt_170_1,tree,veg_street_tree_08,207.0,4928.4,0.8,0,residential,31
dp_170_0,hydrant,pro_hydrant_02,12.0,4897.6,0.38,0,residential,32
dt_171_0,tree,veg_street_tree_08,415.0,4865.2,0.81,0,residential,31
dt_171_1,tree,veg_street_tree_08,345.0,4980.0,0.89,0,residential,31
dp_171_0,hydrant,pro_hydrant_17,319.0,4803.8,0.49,0,residential,32
dt_172_0,tree,veg_street_tree_08,497.5,5017.5,0.77,0,residential,31
dt_172_1,tree,veg_planter_tree_10,621.5,4937.47,0.75,0,residential,31
dp_172_0,hydrant,pro_hydrant_17,431.5,4906.45,0.39,0,residential,32
dt_173_0,tree,veg_street_tree_01,1609.5,4877.33,0.9,0,residential,31
dt_173_1,tree,veg_planter_tree_03,1609.5,4922.67,0.9299999999999999,0,residential,31
dp_173_0,bench,pro_bench_03,1321.1,4900.0,0.49,0,residential,32
dt_174_0,tree,veg_street_tree_01,3779.5,5071.9,0.88,0,residential,31
dt_174_1,tree,veg_planter_tree_10,3879.5,5007.27,0.81,0,residential,31
dp_174_0,hydrant,pro_hydrant_02,3725.5,4983.95,0.49,0,residential,32
dt_175_0,tree,veg_planter_tree_03,4063.5,4967.83,0.95,0,residential,31
dt_175_1,tree,veg_autumn_tree_04,4063.5,5013.17,0.96,0,residential,31
dp_175_0,hydrant,pro_hydrant_02,3877.5,4990.5,0.45,0,residential,32
dp_176_0,construction_barrel,pro_construction_barrel_15,7083.93,4835.0,0.42,0,bridge_highway,32
dp_176_1,bollard,pro_bollard_09,7153.87,4835.0,0.4,0,bridge_highway,32
dp_177_0,construction_barrel,pro_construction_barrel_15,7265.67,4850.5,0.39,0,bridge_highway,32
dp_177_1,bollard,pro_bollard_09,7214.0,4987.97,0.38,0,bridge_highway,32
dp_178_0,utility_box,pro_utility_box_05,7449.5,4877.5,0.45,0,bridge_highway,32
dp_178_1,barrier,pro_barrier_07,7391.5,5012.83,0.47,0,bridge_highway,32
dp_179_0,construction_barrel,pro_construction_barrel_15,7651.3,4891.0,0.42,0,bridge_highway,32
dp_179_1,bollard,pro_bollard_09,7701.9,4891.0,0.46,0,bridge_highway,32
dt_180_0,tree,veg_autumn_tree_04,10524.8,4884.33,0.9299999999999999,0,dense_urban,31
dt_180_1,tree,veg_planter_tree_03,10423.2,4957.0,0.83,0,dense_urban,31
dp_180_0,mailbox,pro_mailbox_04,10339.6,4844.0,0.39,0,dense_urban,32
dp_180_1,bench,pro_bench_03,10243.0,4911.67,0.44,0,dense_urban,32
dt_181_0,tree,veg_street_tree_08,12562.0,4932.33,0.86,0,dense_urban,31
dt_181_1,tree,veg_street_tree_08,12490.33,5005.0,0.91,0,dense_urban,31
dp_181_0,bench,pro_bench_18,12436.67,4892.0,0.46,0,dense_urban,32
dp_181_1,utility_box,pro_utility_box_05,12370.0,4959.67,0.48,0,dense_urban,32
dt_182_0,tree,veg_street_tree_08,14456.33,5030.5,0.89,0,dense_urban,31
dt_182_1,tree,veg_street_tree_01,14513.67,5030.5,0.81,0,dense_urban,31
dp_182_0,bench,pro_bench_18,14456.33,4829.2,0.38,0,dense_urban,32
dp_182_1,utility_box,pro_utility_box_05,14386.0,4955.73,0.38,0,dense_urban,32
dt_183_0,tree,veg_autumn_tree_04,14731.0,4889.2,0.77,0,dense_urban,31
dt_183_1,tree,veg_autumn_tree_04,14677.0,5004.0,0.75,0,dense_urban,31
dp_183_0,hydrant,pro_hydrant_02,14641.0,4827.8,0.43,0,dense_urban,32
dp_183_1,mailbox,pro_mailbox_04,14592.0,4937.6,0.4,0,dense_urban,32
dt_184_0,tree,veg_street_tree_01,14783.7,5049.0,0.86,0,dense_urban,31
dt_184_1,tree,veg_planter_tree_03,14920.5,4985.0,0.91,0,dense_urban,31
dp_184_0,hydrant,pro_hydrant_17,14711.3,4939.0,0.44,0,dense_urban,32
dp_184_1,mailbox,pro_mailbox_04,14711.3,4985.0,0.47,0,dense_urban,32
dt_185_0,tree,veg_planter_tree_10,15177.0,4893.6,0.8,0,dense_urban,31
dt_185_1,tree,veg_street_tree_08,15177.0,4950.8,0.77,0,dense_urban,31
dp_185_0,bench,pro_bench_18,14994.0,4893.6,0.43,0,dense_urban,32
dp_185_1,utility_box,pro_utility_box_05,15108.33,4823.4,0.4,0,dense_urban,32
dt_186_0,tree,veg_street_tree_01,546.5,5082.07,0.81,0,residential,31
dt_186_1,tree,veg_planter_tree_03,489.5,5181.0,0.89,0,residential,31
dp_186_0,hydrant,pro_hydrant_02,470.0,5028.6,0.45,0,residential,32
dt_187_0,tree,veg_street_tree_01,794.0,5049.53,0.9199999999999999,0,residential,31
dt_187_1,tree,veg_street_tree_08,726.67,5189.0,0.83,0,residential,31
dp_187_0,hydrant,pro_hydrant_02,702.0,4975.8,0.44,0,residential,32
dt_188_0,tree,veg_planter_tree_10,933.17,5218.5,0.87,0,residential,31
dt_188_1,tree,veg_street_tree_01,994.83,5218.5,0.9199999999999999,0,residential,31
dp_188_0,bench,pro_bench_18,964.0,5019.9,0.48,0,residential,32
dt_189_0,tree,veg_autumn_tree_04,1121.0,5194.0,0.78,0,residential,31
dt_189_1,tree,veg_planter_tree_03,1159.0,5194.0,0.76,0,residential,31
dp_189_0,planter,pro_planter_13,1140.0,5020.4,0.42,0,residential,32
dt_190_0,tree,veg_street_tree_08,1344.0,5184.0,0.76,0,residential,31
dt_190_1,tree,veg_street_tree_01,1458.0,5101.77,0.86,0,residential,31
dp_190_0,bench,pro_bench_18,1283.0,5069.65,0.42,0,residential,32
dt_191_0,tree,veg_planter_tree_03,1602.5,5090.5,0.96,0,residential,31
dt_191_1,tree,veg_street_tree_01,1602.5,5123.5,0.96,0,residential,31
dp_191_0,hydrant,pro_hydrant_17,1429.0,5107.0,0.48,0,residential,32
dt_192_0,tree,veg_autumn_tree_04,2886.0,5106.83,0.81,0,residential,31
dt_192_1,tree,veg_street_tree_08,2886.0,5149.17,0.77,0,residential,31
dp_192_0,planter,pro_planter_13,2687.0,5128.0,0.42,0,residential,32
dt_193_0,tree,veg_planter_tree_10,3086.0,5154.17,0.88,0,residential,31
dt_193_1,tree,veg_street_tree_01,3008.0,5301.5,0.9199999999999999,0,residential,31
dp_193_0,hydrant,pro_hydrant_17,2978.0,5076.5,0.48,0,residential,32
dt_194_0,tree,veg_autumn_tree_04,3445.5,5107.97,0.74,0,residential,31
dt_194_1,tree,veg_street_tree_08,3445.5,5159.43,0.74,0,residential,31
dp_194_0,planter,pro_planter_13,3283.5,5133.7,0.43,0,residential,32
dt_195_0,tree,veg_planter_tree_03,3543.5,5205.7,0.9299999999999999,0,residential,31
dt_195_1,tree,veg_planter_tree_03,3639.5,5133.13,0.95,0,residential,31
dp_195_0,bench,pro_bench_18,3491.5,5105.85,0.48,0,residential,32
dt_196_0,tree,veg_planter_tree_10,4106.0,5138.07,0.88,0,residential,31
dt_196_1,tree,veg_street_tree_01,4024.0,5287.2,0.81,0,residential,31
dp_196_0,planter,pro_planter_13,3992.0,5059.5,0.44,0,residential,32
dt_197_0,tree,veg_street_tree_01,4295.5,5088.4,0.84,0,residential,31
dt_197_1,tree,veg_planter_tree_03,4217.17,5203.2,0.79,0,residential,31
dp_197_0,hydrant,pro_hydrant_17,4187.0,5027.0,0.4,0,residential,32
dt_198_0,tree,veg_street_tree_08,4411.37,5225.5,0.86,0,residential,31
dt_198_1,tree,veg_street_tree_08,4523.5,5157.83,0.91,0,residential,31
dp_198_0,planter,pro_planter_13,4351.3,5133.0,0.48,0,residential,32
dp_199_0,bollard,pro_bollard_09,7149.5,5088.67,0.38,0,bridge_highway,32
dp_199_1,utility_box,pro_utility_box_05,7295.37,5045.0,0.44,0,bridge_highway,32
dp_200_0,utility_box,pro_utility_box_05,7452.5,5074.1,0.43,0,bridge_highway,32
dp_200_1,barrier,pro_barrier_07,7388.5,5161.03,0.46,0,bridge_highway,32
dt_201_0,tree,veg_autumn_tree_04,12588.97,5197.0,0.82,0,dense_urban,31
dt_201_1,tree,veg_autumn_tree_04,12669.93,5197.0,0.89,0,dense_urban,31
dp_201_0,bench,pro_bench_18,12588.97,5012.0,0.48,0,dense_urban,32
dp_201_1,utility_box,pro_utility_box_05,12495.0,5127.67,0.49,0,dense_urban,32
dt_202_0,tree,veg_street_tree_08,14938.0,5116.5,0.81,0,dense_urban,31
dt_202_1,tree,veg_autumn_tree_04,14861.03,5204.5,0.89,0,dense_urban,31
dp_202_0,planter,pro_planter_13,14802.07,5068.5,0.45,0,dense_urban,32
dp_202_1,hydrant,pro_hydrant_02,14861.03,5068.5,0.47,0,dense_urban,32
dt_203_0,tree,veg_autumn_tree_04,1072.0,5342.5,0.95,0,residential,31
dt_203_1,tree,veg_street_tree_08,1198.0,5286.17,0.96,0,residential,31
dp_203_0,hydrant,pro_hydrant_17,1005.0,5267.0,0.42,0,residential,32
dt_204_0,tree,veg_street_tree_08,1495.93,5369.0,0.82,0,residential,31
dt_204_1,tree,veg_autumn_tree_04,1565.47,5369.0,0.89,0,residential,31
dp_204_0,bench,pro_bench_18,1530.7,5184.0,0.46,0,residential,32
dt_205_0,tree,veg_street_tree_01,2870.3,5247.0,0.85,0,residential,31
dt_205_1,tree,veg_street_tree_01,2870.3,5295.0,0.91,0,residential,31
dp_205_0,planter,pro_planter_13,2673.0,5271.0,0.39,0,residential,32
dt_206_0,tree,veg_autumn_tree_04,4201.2,5352.0,0.77,0,residential,31
dt_206_1,tree,veg_street_tree_08,4316.0,5306.0,0.87,0,residential,31
dp_206_0,hydrant,pro_hydrant_17,4139.8,5292.0,0.48,0,residential,32
dt_207_0,tree,veg_planter_tree_03,4471.0,5281.0,0.88,0,residential,31
dt_207_1,tree,veg_planter_tree_10,4405.0,5367.0,0.81,0,residential,31
dp_207_0,planter,pro_planter_13,4381.0,5234.0,0.44,0,residential,32
dp_208_0,utility_box,pro_utility_box_05,7489.17,5204.5,0.41000000000000003,0,bridge_highway,32
dp_208_1,barrier,pro_barrier_07,7414.5,5315.5,0.39,0,bridge_highway,32
dt_209_0,tree,veg_street_tree_08,12676.1,5252.5,0.91,0,dense_urban,31
dt_209_1,tree,veg_street_tree_01,12676.1,5289.5,0.94,0,dense_urban,31
dp_209_0,planter,pro_planter_13,12506.5,5252.5,0.49,0,dense_urban,32
dp_209_1,hydrant,pro_hydrant_17,12611.9,5202.5,0.49,0,dense_urban,32
dt_210_0,tree,veg_planter_tree_10,212.0,5499.9,0.94,0,residential,31
dt_210_1,tree,veg_street_tree_01,137.67,5620.5,0.95,0,residential,31
dp_210_0,bench,pro_bench_18,109.5,5435.6,0.41000000000000003,0,residential,32
dt_211_0,tree,veg_planter_tree_03,1482.83,5572.5,0.8,0,residential,31
dt_211_1,tree,veg_planter_tree_03,1617.5,5507.5,0.88,0,residential,31
dp_211_0,hydrant,pro_hydrant_17,1411.5,5484.0,0.38,0,residential,32
dt_212_0,tree,veg_street_tree_01,1804.5,5459.0,0.96,0,residential,31
dt_212_1,tree,veg_street_tree_08,1728.17,5537.0,0.96,0,residential,31
dp_212_0,hydrant,pro_hydrant_02,1699.0,5416.0,0.45,0,residential,32
dt_213_0,tree,veg_autumn_tree_04,3128.1,5471.5,0.85,0,residential,31
dt_213_1,tree,veg_autumn_tree_04,3128.1,5516.5,0.91,0,residential,31
dp_213_0,planter,pro_planter_13,2921.5,5494.0,0.43,0,residential,32
dt_214_0,tree,veg_street_tree_01,4146.43,5603.5,0.94,0,residential,31
dt_214_1,tree,veg_street_tree_01,4226.97,5603.5,0.84,0,residential,31
dp_214_0,bench,pro_bench_03,4186.7,5451.5,0.43,0,residential,32
dt_215_0,tree,veg_planter_tree_10,11096.03,5549.0,0.96,0,dense_urban,31
dt_215_1,tree,veg_street_tree_01,11160.27,5549.0,0.96,0,dense_urban,31
dp_215_0,planter,pro_planter_13,11096.03,5428.0,0.47,0,dense_urban,32
dp_215_1,hydrant,pro_hydrant_02,11018.8,5501.0,0.48,0,dense_urban,32
dt_216_0,tree,veg_autumn_tree_04,12693.0,5437.83,0.88,0,dense_urban,31
dt_216_1,tree,veg_street_tree_01,12633.67,5590.5,0.9199999999999999,0,dense_urban,31
dp_216_0,utility_box,pro_utility_box_05,12592.33,5357.5,0.44,0,dense_urban,32
dp_216_1,planter,pro_planter_13,12538.0,5505.17,0.47,0,dense_urban,32
dt_217_0,tree,veg_street_tree_08,12797.33,5562.5,0.95,0,dense_urban,31
dt_217_1,tree,veg_street_tree_01,12850.67,5562.5,0.96,0,dense_urban,31
dp_217_0,bench,pro_bench_03,12797.33,5342.7,0.4,0,dense_urban,32
dp_217_1,utility_box,pro_utility_box_05,12850.67,5342.7,0.45,0,dense_urban,32
dt_218_0,tree,veg_street_tree_01,13162.67,5530.5,0.84,0,dense_urban,31
dt_218_1,tree,veg_street_tree_01,13266.0,5461.03,0.79,0,dense_urban,31
dp_218_0,hydrant,pro_hydrant_02,13107.0,5409.57,0.42,0,dense_urban,32
dp_218_1,mailbox,pro_mailbox_04,13205.33,5345.1,0.46,0,dense_urban,32
dt_219_0,tree,veg_planter_tree_03,1525.63,5785.5,0.81,0,residential,31
dt_219_1,tree,veg_street_tree_01,1695.9,5733.17,0.89,0,residential,31
dp_219_0,bench,pro_bench_03,1436.5,5716.0,0.41000000000000003,0,residential,32
dt_220_0,tree,veg_planter_tree_10,1880.0,5633.17,0.9299999999999999,0,residential,31
dt_220_1,tree,veg_autumn_tree_04,1801.97,5750.5,0.83,0,residential,31
dp_220_0,planter,pro_planter_13,1771.95,5570.5,0.39,0,residential,32
dt_221_0,tree,veg_autumn_tree_04,2931.0,5794.5,0.94,0,residential,31
dt_221_1,tree,veg_planter_tree_03,3061.0,5722.37,0.84,0,residential,31
dp_221_0,planter,pro_planter_13,2862.0,5695.3,0.39,0,residential,32
dt_222_0,tree,veg_street_tree_01,3252.0,5687.43,0.9,0,residential,31
dt_222_1,tree,veg_planter_tree_03,3191.33,5778.5,0.82,0,residential,31
dp_222_0,bench,pro_bench_18,3170.0,5637.9,0.44,0,residential,32
dt_223_0,tree,veg_street_tree_01,3329.0,5764.5,0.87,0,residential,31
dt_223_1,tree,veg_street_tree_01,3367.0,5764.5,0.9199999999999999,0,residential,31
dp_223_0,hydrant,pro_hydrant_17,3348.0,5539.5,0.43,0,residential,32
dt_224_0,tree,veg_autumn_tree_04,3715.0,5600.4,0.86,0,residential,31
dt_224_1,tree,veg_planter_tree_10,3715.0,5653.2,0.8,0,residential,31
dp_224_0,planter,pro_planter_13,3526.0,5626.8,0.45,0,residential,32
dt_225_0,tree,veg_planter_tree_10,4006.67,5805.5,0.94,0,residential,31
dt_225_1,tree,veg_planter_tree_10,4053.33,5805.5,0.84,0,residential,31
dp_225_0,planter,pro_planter_13,4030.0,5593.7,0.42,0,residential,32
dt_226_0,tree,veg_autumn_tree_04,4164.5,5767.0,0.95,0,residential,31
dt_226_1,tree,veg_autumn_tree_04,4260.5,5705.0,0.84,0,residential,31
dp_226_0,hydrant,pro_hydrant_17,4112.5,5683.0,0.41000000000000003,0,residential,32
dt_227_0,tree,veg_autumn_tree_04,4327.2,5733.0,0.9299999999999999,0,residential,31
dt_227_1,tree,veg_street_tree_01,4375.6,5733.0,0.83,0,residential,31
dp_227_0,bench,pro_bench_03,4351.4,5612.0,0.44,0,residential,32
dt_228_0,tree,veg_street_tree_08,10290.0,5691.17,0.85,0,dense_urban,31
dt_228_1,tree,veg_autumn_tree_04,10204.5,5800.5,0.79,0,dense_urban,31
dp_228_0,mailbox,pro_mailbox_04,10137.0,5632.5,0.41000000000000003,0,dense_urban,32
dp_228_1,bench,pro_bench_03,10056.5,5736.83,0.45,0,dense_urban,32
dt_229_0,tree,veg_planter_tree_03,11096.73,5717.0,0.9199999999999999,0,dense_urban,31
dt_229_1,tree,veg_planter_tree_10,11165.37,5717.0,0.83,0,dense_urban,31
dp_229_0,utility_box,pro_utility_box_05,11096.73,5578.0,0.49,0,dense_urban,32
dp_229_1,planter,pro_planter_13,11165.37,5578.0,0.49,0,dense_urban,32
dt_230_0,tree,veg_planter_tree_10,1340.67,5949.0,0.95,0,residential,31
dt_230_1,tree,veg_planter_tree_10,1440.0,5901.0,0.96,0,residential,31
dp_230_0,planter,pro_planter_13,1287.0,5886.0,0.44,0,residential,32
dt_231_0,tree,veg_autumn_tree_04,1512.6,5982.5,0.77,0,residential,31
dt_231_1,tree,veg_street_tree_08,1592.7,5982.5,0.75,0,residential,31
dp_231_0,bench,pro_bench_18,1552.65,5790.5,0.38,0,residential,32
dt_232_0,tree,veg_street_tree_08,1748.33,5968.3,0.88,0,residential,31
dt_232_1,tree,veg_planter_tree_10,1811.67,5968.3,0.81,0,residential,31
dp_232_0,hydrant,pro_hydrant_17,1780.0,5756.5,0.47,0,residential,32
dt_233_0,tree,veg_street_tree_01,2198.0,5795.07,0.77,0,residential,31
dt_233_1,tree,veg_street_tree_01,2198.0,5835.53,0.75,0,residential,31
dp_233_0,bench,pro_bench_18,2055.0,5815.3,0.43,0,residential,32
dt_234_0,tree,veg_planter_tree_10,2814.0,5846.83,0.91,0,residential,31
dt_234_1,tree,veg_street_tree_01,2814.0,5901.17,0.94,0,residential,31
dp_234_0,hydrant,pro_hydrant_02,2651.0,5874.0,0.4,0,residential,32
dt_235_0,tree,veg_street_tree_01,3067.5,5845.0,0.9299999999999999,0,residential,31
dt_235_1,tree,veg_street_tree_01,3067.5,5875.0,0.95,0,residential,31
dp_235_0,hydrant,pro_hydrant_02,2845.1,5860.0,0.41000000000000003,0,residential,32
dt_236_0,tree,veg_street_tree_08,3588.33,5910.0,0.79,0,residential,31
dt_236_1,tree,veg_planter_tree_10,3733.0,5844.47,0.76,0,residential,31
dp_236_0,planter,pro_planter_13,3512.0,5820.7,0.48,0,residential,32
dt_237_0,tree,veg_autumn_tree_04,3876.5,5794.03,0.96,0,residential,31
dt_237_1,tree,veg_street_tree_08,3876.5,5847.27,0.85,0,residential,31
dp_237_0,planter,pro_planter_13,3736.5,5820.65,0.41000000000000003,0,residential,32
dt_238_0,tree,veg_autumn_tree_04,10926.33,5982.5,0.82,0,dense_urban,31
dt_238_1,tree,veg_street_tree_01,11057.0,5926.83,0.78,0,dense_urban,31
dp_238_0,hydrant,pro_hydrant_17,10857.0,5889.17,0.41000000000000003,0,dense_urban,32
dp_238_1,mailbox,pro_mailbox_04,10982.67,5838.5,0.45,0,dense_urban,32
dt_239_0,tree,veg_street_tree_08,1318.53,6123.0,0.83,0,residential,31
dt_239_1,tree,veg_street_tree_01,1368.57,6123.0,0.78,0,residential,31
dp_239_0,bench,pro_bench_03,1343.55,5948.0,0.39,0,residential,32
dt_240_0,tree,veg_autumn_tree_04,1869.0,6019.33,0.83,0,residential,31
dt_240_1,tree,veg_planter_tree_03,1869.0,6066.67,0.9,0,residential,31
dp_240_0,planter,pro_planter_13,1629.4,6043.0,0.48,0,residential,32
dt_241_0,tree,veg_autumn_tree_04,2861.5,6015.0,0.9299999999999999,0,residential,31
dt_241_1,tree,veg_street_tree_01,2807.83,6137.0,0.83,0,residential,31
dp_241_0,bench,pro_bench_03,2790.0,5950.0,0.46,0,residential,32
dt_242_0,tree,veg_planter_tree_03,5957.0,6030.67,0.91,0,commercial,31
dt_242_1,tree,veg_planter_tree_10,5957.0,6075.33,0.94,0,commercial,31
dp_242_0,bench,pro_bench_18,5712.2,6019.5,0.38,0,commercial,32
dp_242_1,mailbox,pro_mailbox_04,5832.1,5973.0,0.44,0,commercial,32
dp_242_2,newspaper_box,pro_newspaper_box_12,5885.55,5973.0,0.41000000000000003,0,commercial,32
dt_243_0,tree,veg_street_tree_08,1155.5,6326.0,0.81,0,residential,31
dt_243_1,tree,veg_planter_tree_10,1210.5,6326.0,0.77,0,residential,31
dp_243_0,bench,pro_bench_18,1183.0,6193.0,0.4,0,residential,32
dt_244_0,tree,veg_planter_tree_03,1787.5,6226.17,0.84,0,residential,31
dt_244_1,tree,veg_planter_tree_03,1787.5,6257.83,0.9,0,residential,31
dp_244_0,planter,pro_planter_13,1596.8,6242.0,0.49,0,residential,32
dt_245_0,tree,veg_street_tree_08,3660.5,6273.03,0.96,0,residential,31
dt_245_1,tree,veg_street_tree_01,3660.5,6309.57,0.96,0,residential,31
dp_245_0,planter,pro_planter_13,3464.5,6291.3,0.42,0,residential,32
dt_246_0,tree,veg_autumn_tree_04,5849.83,6298.0,0.88,0,commercial,31
dt_246_1,tree,veg_autumn_tree_04,5960.5,6229.57,0.9199999999999999,0,commercial,31
dp_246_0,newspaper_box,pro_newspaper_box_12,5790.5,6166.52,0.49,0,commercial,32
dp_246_1,planter,pro_planter_13,5790.5,6204.35,0.49,0,commercial,32
dp_246_2,hydrant,pro_hydrant_17,5790.5,6242.18,0.49,0,commercial,32
dt_247_0,tree,veg_autumn_tree_04,6176.5,6190.77,0.79,0,commercial,31
dt_247_1,tree,veg_street_tree_08,6108.17,6320.5,0.88,0,commercial,31
dp_247_0,mailbox,pro_mailbox_04,6045.25,6121.9,0.41000000000000003,0,commercial,32
dp_247_1,newspaper_box,pro_newspaper_box_12,6083.0,6121.9,0.39,0,commercial,32
dp_247_2,planter,pro_planter_13,5994.5,6260.6,0.44,0,commercial,32
dt_248_0,tree,veg_street_tree_08,6232.33,6340.0,0.74,0,commercial,31
dt_248_1,tree,veg_autumn_tree_04,6287.67,6340.0,0.74,0,commercial,31
dp_248_0,hydrant,pro_hydrant_02,6218.5,6206.4,0.38,0,commercial,32
dp_248_1,bench,pro_bench_18,6260.0,6206.4,0.38,0,commercial,32
dp_248_2,mailbox,pro_mailbox_04,6301.5,6206.4,0.44,0,commercial,32
dt_249_0,tree,veg_autumn_tree_04,9510.07,6307.5,0.94,0,dense_urban,31
dt_249_1,tree,veg_planter_tree_03,9572.53,6307.5,0.84,0,dense_urban,31
dp_249_0,utility_box,pro_utility_box_05,9510.07,6171.5,0.39,0,dense_urban,32
dp_249_1,planter,pro_planter_13,9572.53,6171.5,0.44,0,dense_urban,32
dt_250_0,tree,veg_planter_tree_03,14990.0,6231.5,0.84,0,dense_urban,31
dt_250_1,tree,veg_street_tree_01,14926.67,6359.5,0.79,0,dense_urban,31
dp_250_0,utility_box,pro_utility_box_05,14881.33,6163.5,0.39,0,dense_urban,32
dp_250_1,planter,pro_planter_13,14926.67,6163.5,0.38,0,dense_urban,32
dt_251_0,tree,veg_planter_tree_10,15050.67,6330.5,0.79,0,dense_urban,31
dt_251_1,tree,veg_planter_tree_10,15178.0,6265.5,0.88,0,dense_urban,31
dp_251_0,planter,pro_planter_13,14983.0,6218.5,0.44,0,dense_urban,32
dp_251_1,hydrant,pro_hydrant_02,15105.33,6158.5,0.41000000000000003,0,dense_urban,32
dt_252_0,tree,veg_planter_tree_03,1282.5,6534.0,0.96,0,residential,31
dt_252_1,tree,veg_planter_tree_10,1410.5,6481.33,0.96,0,residential,31
dp_252_0,hydrant,pro_hydrant_02,1214.5,6464.0,0.39,0,residential,32
dt_253_0,tree,veg_street_tree_08,1847.5,6442.67,0.88,0,residential,31
dt_253_1,tree,veg_planter_tree_03,1754.27,6518.0,0.9199999999999999,0,residential,31
dp_253_0,planter,pro_planter_13,1716.65,6401.0,0.39,0,residential,32
dt_254_0,tree,veg_autumn_tree_04,3322.8,6508.0,0.85,0,residential,31
dt_254_1,tree,veg_street_tree_08,3481.4,6460.0,0.91,0,residential,31
dp_254_0,bench,pro_bench_03,3239.5,6445.0,0.46,0,residential,32
dt_255_0,tree,veg_street_tree_08,3660.0,6418.07,0.94,0,residential,31
dt_255_1,tree,veg_planter_tree_10,3660.0,6483.63,0.95,0,residential,31
dp_255_0,bench,pro_bench_18,3467.0,6450.85,0.42,0,residential,32
dt_256_0,tree,veg_planter_tree_10,3883.0,6385.17,0.83,0,residential,31
dt_256_1,tree,veg_planter_tree_10,3883.0,6424.83,0.78,0,residential,31
dp_256_0,hydrant,pro_hydrant_17,3672.5,6405.0,0.46,0,residential,32
dt_257_0,tree,veg_planter_tree_10,5877.0,6374.67,0.91,0,commercial,31
dt_257_1,tree,veg_planter_tree_03,5806.2,6462.0,0.82,0,commercial,31
dp_257_0,newspaper_box,pro_newspaper_box_12,5740.2,6327.0,0.44,0,commercial,32
dp_257_1,planter,pro_planter_13,5687.6,6392.0,0.41000000000000003,0,commercial,32
dp_257_2,hydrant,pro_hydrant_02,5819.4,6327.0,0.45,0,commercial,32
dt_258_0,tree,veg_autumn_tree_04,12217.67,6515.5,0.86,0,dense_urban,31
dt_258_1,tree,veg_planter_tree_03,12264.33,6515.5,0.91,0,dense_urban,31
dp_258_0,utility_box,pro_utility_box_05,12217.67,6277.3,0.47,0,dense_urban,32
dp_258_1,planter,pro_planter_13,12158.0,6428.43,0.42,0,dense_urban,32
dt_259_0,tree,veg_street_tree_08,1130.03,6682.0,0.8,0,residential,31
dt_259_1,tree,veg_street_tree_01,1188.57,6682.0,0.77,0,residential,31
dp_259_0,hydrant,pro_hydrant_02,1159.3,6565.0,0.38,0,residential,32
dt_260_0,tree,veg_street_tree_01,1838.0,6583.5,0.96,0,residential,31
dt_260_1,tree,veg_autumn_tree_04,1766.33,6679.5,0.96,0,residential,31
dp_260_0,hydrant,pro_hydrant_17,1739.5,6531.5,0.45,0,residential,32
dt_261_0,tree,veg_street_tree_01,1917.63,6720.0,0.82,0,residential,31
dt_261_1,tree,veg_planter_tree_03,2068.5,6664.0,0.78,0,residential,31
dp_261_0,bench,pro_bench_18,1838.2,6645.0,0.4,0,residential,32
dt_262_0,tree,veg_street_tree_01,3167.17,6663.2,0.89,0,residential,31
dt_262_1,tree,veg_autumn_tree_04,3206.83,6663.2,0.9299999999999999,0,residential,31
dp_262_0,bench,pro_bench_18,3187.0,6524.0,0.39,0,residential,32
dt_263_0,tree,veg_planter_tree_10,3355.17,6774.8,0.88,0,residential,31
dt_263_1,tree,veg_planter_tree_03,3400.83,6774.8,0.9199999999999999,0,residential,31
dp_263_0,planter,pro_planter_13,3378.0,6544.5,0.42,0,residential,32
dt_264_0,tree,veg_street_tree_01,3766.33,6751.5,0.84,0,residential,31
dt_264_1,tree,veg_planter_tree_10,3879.0,6683.33,0.79,0,residential,31
dp_264_0,hydrant,pro_hydrant_17,3706.0,6658.25,0.48,0,residential,32
dt_265_0,tree,veg_planter_tree_10,3943.67,6737.3,0.9299999999999999,0,residential,31
dt_265_1,tree,veg_planter_tree_03,4063.0,6661.53,0.83,0,residential,31
dp_265_0,hydrant,pro_hydrant_02,3880.0,6632.65,0.44,0,residential,32
dt_266_0,tree,veg_planter_tree_03,12548.5,6600.07,0.85,0,dense_urban,31
dt_266_1,tree,veg_planter_tree_10,12472.83,6749.2,0.91,0,dense_urban,31
dp_266_0,bench,pro_bench_03,12415.17,6521.5,0.47,0,dense_urban,32
dp_266_1,utility_box,pro_utility_box_05,12472.83,6521.5,0.42,0,dense_urban,32
dt_267_0,tree,veg_planter_tree_10,13381.0,6688.3,0.77,0,dense_urban,31
dt_267_1,tree,veg_street_tree_01,13479.0,6619.7,0.87,0,dense_urban,31
dp_267_0,hydrant,pro_hydrant_17,13328.0,6569.1,0.38,0,dense_urban,32
dp_267_1,mailbox,pro_mailbox_04,13421.0,6505.5,0.38,0,dense_urban,32
dt_268_0,tree,veg_planter_tree_10,16014.4,6623.83,0.78,0,dense_urban,31
dt_268_1,tree,veg_planter_tree_03,16014.4,6676.17,0.76,0,dense_urban,31
dp_268_0,planter,pro_planter_13,15788.0,6623.83,0.41000000000000003,0,dense_urban,32
dp_268_1,hydrant,pro_hydrant_17,15931.27,6558.5,0.39,0,dense_urban,32
dt_269_0,tree,veg_planter_tree_03,1194.5,6767.0,0.89,0,residential,31
dt_269_1,tree,veg_street_tree_01,1126.33,6861.0,0.9299999999999999,0,residential,31
dp_269_0,bench,pro_bench_18,1101.25,6716.0,0.49,0,residential,32
dt_270_0,tree,veg_planter_tree_10,1965.17,6874.9,0.94,0,residential,31
dt_270_1,tree,veg_street_tree_08,2058.5,6810.27,0.95,0,residential,31
dp_270_0,bench,pro_bench_03,1914.5,6786.95,0.46,0,residential,32
dt_271_0,tree,veg_street_tree_08,2209.0,6815.4,0.86,0,residential,31
dt_271_1,tree,veg_planter_tree_10,2209.0,6885.8,0.91,0,residential,31
dp_271_0,planter,pro_planter_13,2046.0,6850.6,0.45,0,residential,32
dt_272_0,tree,veg_street_tree_08,2375.5,6962.7,0.96,0,residential,31
dt_272_1,tree,veg_street_tree_01,2410.5,6962.7,0.96,0,residential,31
dp_272_0,hydrant,pro_hydrant_02,2393.0,6716.5,0.38,0,residential,32
dt_273_0,tree,veg_street_tree_01,3275.0,6802.87,0.85,0,residential,31
dt_273_1,tree,veg_autumn_tree_04,3275.0,6869.73,0.91,0,residential,31
dp_273_0,planter,pro_planter_13,3062.0,6836.3,0.43,0,residential,32
dt_274_0,tree,veg_autumn_tree_04,3734.5,6778.2,0.82,0,residential,31
dt_274_1,tree,veg_planter_tree_10,3734.5,6826.6,0.89,0,residential,31
dp_274_0,hydrant,pro_hydrant_02,3508.5,6802.4,0.43,0,residential,32
dt_275_0,tree,veg_street_tree_01,4100.5,6778.67,0.91,0,residential,31
dt_275_1,tree,veg_street_tree_08,4100.5,6825.33,0.82,0,residential,31
dp_275_0,planter,pro_planter_13,3874.5,6802.0,0.45,0,residential,32
dt_276_0,tree,veg_autumn_tree_04,4181.5,6876.0,0.94,0,residential,31
dt_276_1,tree,veg_street_tree_01,4242.5,6876.0,0.84,0,residential,31
dp_276_0,planter,pro_planter_13,4212.0,6735.0,0.41000000000000003,0,residential,32
dt_277_0,tree,veg_street_tree_08,5540.0,6817.3,0.75,0,residential,31
dt_277_1,tree,veg_autumn_tree_04,5540.0,6859.6,0.86,0,residential,31
dp_277_0,planter,pro_planter_13,5403.0,6838.45,0.49,0,residential,32
dt_278_0,tree,veg_street_tree_01,6118.5,6830.17,0.77,0,commercial,31
dt_278_1,tree,veg_planter_tree_10,6118.5,6864.33,0.75,0,commercial,31
dp_278_0,planter,pro_planter_13,5932.5,6821.62,0.47,0,commercial,32
dp_278_1,hydrant,pro_hydrant_17,5932.5,6847.25,0.48,0,commercial,32
dp_278_2,bench,pro_bench_03,5932.5,6872.88,0.49,0,commercial,32
dt_279_0,tree,veg_autumn_tree_04,6369.5,6746.0,0.78,0,commercial,31
dt_279_1,tree,veg_street_tree_08,6295.63,6836.0,0.87,0,commercial,31
dp_279_0,bench,pro_bench_03,6225.8,6697.0,0.4,0,commercial,32
dp_279_1,mailbox,pro_mailbox_04,6170.9,6764.0,0.39,0,commercial,32
dp_279_2,newspaper_box,pro_newspaper_box_12,6309.6,6697.0,0.44,0,commercial,32
dt_280_0,tree,veg_autumn_tree_04,12587.8,6782.83,0.76,0,dense_urban,31
dt_280_1,tree,veg_street_tree_01,12587.8,6831.17,0.86,0,dense_urban,31
dp_280_0,mailbox,pro_mailbox_04,12316.5,6782.83,0.48,0,dense_urban,32
dp_280_1,bench,pro_bench_03,12316.5,6831.17,0.49,0,dense_urban,32
dt_281_0,tree,veg_street_tree_08,13367.4,6745.33,0.78,0,dense_urban,31
dt_281_1,tree,veg_planter_tree_03,13367.4,6774.67,0.76,0,dense_urban,31
dp_281_0,hydrant,pro_hydrant_17,13083.0,6745.33,0.48,0,dense_urban,32
dp_281_1,mailbox,pro_mailbox_04,13264.93,6703.0,0.43,0,dense_urban,32
dt_282_0,tree,veg_planter_tree_03,14015.83,6866.0,0.86,0,dense_urban,31
dt_282_1,tree,veg_street_tree_01,14082.17,6866.0,0.91,0,dense_urban,31
dp_282_0,utility_box,pro_utility_box_05,14015.83,6683.0,0.46,0,dense_urban,32
dp_282_1,planter,pro_planter_13,13936.5,6797.33,0.48,0,dense_urban,32
dt_283_0,tree,veg_autumn_tree_04,14211.5,6860.0,0.81,0,dense_urban,31
dt_283_1,tree,veg_planter_tree_03,14254.5,6860.0,0.77,0,dense_urban,31
dp_283_0,planter,pro_planter_13,14211.5,6709.0,0.43,0,dense_urban,32
dp_283_1,hydrant,pro_hydrant_17,14155.5,6802.0,0.4,0,dense_urban,32
dt_284_0,tree,veg_planter_tree_10,1459.6,6998.0,0.86,0,residential,31
dt_284_1,tree,veg_planter_tree_10,1459.6,7040.0,0.8,0,residential,31
dp_284_0,bench,pro_bench_03,1176.5,7019.0,0.49,0,residential,32
dt_285_0,tree,veg_planter_tree_03,3157.33,7095.5,0.86,0,residential,31
dt_285_1,tree,veg_planter_tree_10,3250.0,7033.8,0.8,0,residential,31
dp_285_0,bench,pro_bench_03,3107.0,7011.95,0.45,0,residential,32
dt_286_0,tree,veg_autumn_tree_04,3326.67,7053.5,0.81,0,residential,31
dt_286_1,tree,veg_planter_tree_03,3389.33,7053.5,0.89,0,residential,31
dp_286_0,bench,pro_bench_03,3358.0,6891.8,0.45,0,residential,32
dt_287_0,tree,veg_planter_tree_10,6149.6,6954.5,0.86,0,commercial,31
dt_287_1,tree,veg_planter_tree_10,6149.6,7005.5,0.91,0,commercial,31
dp_287_0,newspaper_box,pro_newspaper_box_12,5910.0,6941.75,0.44,0,commercial,32
dp_287_1,planter,pro_planter_13,5910.0,6980.0,0.41000000000000003,0,commercial,32
dp_287_2,hydrant,pro_hydrant_17,6079.45,6890.5,0.45,0,commercial,32
dt_288_0,tree,veg_planter_tree_10,6186.67,7117.0,0.9199999999999999,0,commercial,31
dt_288_1,tree,veg_planter_tree_10,6310.0,7047.0,0.83,0,commercial,31
dp_288_0,mailbox,pro_mailbox_04,6121.0,6982.0,0.4,0,commercial,32
dp_288_1,newspaper_box,pro_newspaper_box_12,6213.0,6930.0,0.45,0,commercial,32
dp_288_2,planter,pro_planter_13,6252.5,6930.0,0.41000000000000003,0,commercial,32
dt_289_0,tree,veg_street_tree_08,13190.67,7040.5,0.76,0,dense_urban,31
dt_289_1,tree,veg_autumn_tree_04,13316.0,6984.17,0.75,0,dense_urban,31
dp_289_0,mailbox,pro_mailbox_04,13124.0,6945.83,0.44,0,dense_urban,32
dp_289_1,bench,pro_bench_03,13244.33,6894.5,0.41000000000000003,0,dense_urban,32
dt_290_0,tree,veg_planter_tree_03,13380.3,7051.0,0.85,0,dense_urban,31
dt_290_1,tree,veg_planter_tree_03,13430.9,7051.0,0.91,0,dense_urban,31
dp_290_0,hydrant,pro_hydrant_17,13380.3,6904.0,0.45,0,dense_urban,32
dp_290_1,mailbox,pro_mailbox_04,13430.9,6904.0,0.41000000000000003,0,dense_urban,32
dt_291_0,tree,veg_planter_tree_10,15312.5,6967.0,0.77,0,dense_urban,31
dt_291_1,tree,veg_planter_tree_03,15247.5,7073.0,0.75,0,dense_urban,31
dp_291_0,utility_box,pro_utility_box_05,15200.5,6910.0,0.45,0,dense_urban,32
dp_291_1,planter,pro_planter_13,15140.5,7011.0,0.41000000000000003,0,dense_urban,32
dt_292_0,tree,veg_autumn_tree_04,15905.13,7044.5,0.89,0,dense_urban,31
dt_292_1,tree,veg_street_tree_01,16038.4,6989.5,0.9299999999999999,0,dense_urban,31
dp_292_0,planter,pro_planter_13,15834.5,6952.5,0.41000000000000003,0,dense_urban,32
dp_292_1,hydrant,pro_hydrant_17,15962.77,6902.5,0.45,0,dense_urban,32
dt_293_0,tree,veg_autumn_tree_04,7117.0,7113.07,0.74,0,commercial,31
dt_293_1,tree,veg_planter_tree_10,7059.0,7239.0,0.85,0,commercial,31
dp_293_0,newspaper_box,pro_newspaper_box_12,7009.0,7046.1,0.48,0,commercial,32
dp_293_1,planter,pro_planter_13,6966.0,7140.05,0.43,0,commercial,32
dp_293_2,hydrant,pro_hydrant_17,7069.0,7046.1,0.46,0,commercial,32
dt_294_0,tree,veg_autumn_tree_04,7244.5,7197.5,0.88,0,commercial,31
dt_294_1,tree,veg_autumn_tree_04,7392.5,7142.1,0.81,0,commercial,31
dp_294_0,newspaper_box,pro_newspaper_box_12,7166.5,7095.35,0.48,0,commercial,32
dp_294_1,planter,pro_planter_13,7277.0,7054.3,0.43,0,commercial,32
dp_294_2,hydrant,pro_hydrant_02,7325.75,7054.3,0.46,0,commercial,32
dt_295_0,tree,veg_street_tree_08,12374.73,7224.5,0.9199999999999999,0,dense_urban,31
dt_295_1,tree,veg_planter_tree_10,12499.2,7173.5,0.83,0,dense_urban,31
dp_295_0,hydrant,pro_hydrant_02,12308.5,7140.5,0.38,0,dense_urban,32
dp_295_1,mailbox,pro_mailbox_04,12427.97,7094.5,0.38,0,dense_urban,32
dt_296_0,tree,veg_street_tree_08,13031.87,7278.5,0.95,0,dense_urban,31
dt_296_1,tree,veg_autumn_tree_04,13154.6,7211.5,0.84,0,dense_urban,31
dp_296_0,planter,pro_planter_13,12966.5,7162.5,0.45,0,dense_urban,32
dp_296_1,hydrant,pro_hydrant_17,12966.5,7211.5,0.41000000000000003,0,dense_urban,32
dt_297_0,tree,veg_street_tree_08,13404.2,7281.5,0.9199999999999999,0,dense_urban,31
dt_297_1,tree,veg_street_tree_08,13519.0,7220.5,0.83,0,dense_urban,31
dp_297_0,utility_box,pro_utility_box_05,13342.8,7177.5,0.43,0,dense_urban,32
dp_297_1,planter,pro_planter_13,13452.6,7121.5,0.46,0,dense_urban,32
dt_298_0,tree,veg_street_tree_01,15142.5,7174.53,0.95,0,dense_urban,31
dt_298_1,tree,veg_street_tree_08,15142.5,7244.07,0.96,0,dense_urban,31
dp_298_0,planter,pro_planter_13,14968.5,7174.53,0.4,0,dense_urban,32
dp_298_1,hydrant,pro_hydrant_02,15076.83,7092.0,0.45,0,dense_urban,32
dt_299_0,tree,veg_street_tree_08,15235.83,7275.8,0.74,0,dense_urban,31
dt_299_1,tree,veg_planter_tree_03,15366.5,7218.2,0.74,0,dense_urban,31
dp_299_0,planter,pro_planter_13,15166.5,7178.6,0.47,0,dense_urban,32
dp_299_1,hydrant,pro_hydrant_02,15292.17,7126.0,0.48,0,dense_urban,32
dt_300_0,tree,veg_planter_tree_03,15444.83,7260.6,0.95,0,dense_urban,31
dt_300_1,tree,veg_street_tree_08,15499.17,7260.6,0.84,0,dense_urban,31
dp_300_0,hydrant,pro_hydrant_17,15444.83,7072.5,0.46,0,dense_urban,32
dp_300_1,mailbox,pro_mailbox_04,15377.5,7190.23,0.42,0,dense_urban,32
dt_301_0,tree,veg_street_tree_08,15818.5,7199.7,0.83,0,dense_urban,31
dt_301_1,tree,veg_planter_tree_10,15818.5,7267.9,0.78,0,dense_urban,31
dp_301_0,hydrant,pro_hydrant_02,15598.5,7199.7,0.43,0,dense_urban,32
dp_301_1,mailbox,pro_mailbox_04,15598.5,7267.9,0.4,0,dense_urban,32
dt_302_0,tree,veg_street_tree_08,1600.0,7296.17,0.84,0,residential,31
dt_302_1,tree,veg_planter_tree_03,1539.33,7385.5,0.79,0,residential,31
dp_302_0,planter,pro_planter_13,1518.0,7247.5,0.42,0,residential,32
dt_303_0,tree,veg_autumn_tree_04,1727.0,7419.5,0.94,0,residential,31
dt_303_1,tree,veg_street_tree_08,1821.0,7373.83,0.95,0,residential,31
dp_303_0,hydrant,pro_hydrant_17,1676.0,7360.0,0.45,0,residential,32
dt_304_0,tree,veg_street_tree_08,2017.5,7374.33,0.83,0,residential,31
dt_304_1,tree,veg_planter_tree_10,2017.5,7409.67,0.9,0,residential,31
dp_304_0,planter,pro_planter_13,1801.5,7392.0,0.42,0,residential,32
dt_305_0,tree,veg_planter_tree_03,2163.67,7422.0,0.84,0,residential,31
dt_305_1,tree,veg_street_tree_01,2210.33,7422.0,0.9,0,residential,31
dp_305_0,hydrant,pro_hydrant_02,2187.0,7309.0,0.43,0,residential,32
dt_306_0,tree,veg_street_tree_08,6050.67,7472.5,0.85,0,commercial,31
dt_306_1,tree,veg_planter_tree_10,6109.33,7472.5,0.91,0,commercial,31
dp_306_0,mailbox,pro_mailbox_04,6036.0,7316.5,0.48,0,commercial,32
dp_306_1,newspaper_box,pro_newspaper_box_12,6080.0,7316.5,0.43,0,commercial,32
dp_306_2,planter,pro_planter_13,6124.0,7316.5,0.4,0,commercial,32
dt_307_0,tree,veg_autumn_tree_04,12567.1,7350.33,0.96,0,dense_urban,31
dt_307_1,tree,veg_street_tree_08,12567.1,7385.67,0.96,0,dense_urban,31
dp_307_0,mailbox,pro_mailbox_04,12358.0,7350.33,0.46,0,dense_urban,32
dp_307_1,bench,pro_bench_18,12358.0,7385.67,0.42,0,dense_urban,32
dt_308_0,tree,veg_street_tree_08,12730.5,7379.87,0.95,0,dense_urban,31
dt_308_1,tree,veg_planter_tree_10,12730.5,7432.23,0.84,0,dense_urban,31
dp_308_0,utility_box,pro_utility_box_05,12544.5,7379.87,0.46,0,dense_urban,32
dp_308_1,planter,pro_planter_13,12544.5,7432.23,0.42,0,dense_urban,32
dt_309_0,tree,veg_planter_tree_03,12825.5,7436.2,0.84,0,dense_urban,31
dt_309_1,tree,veg_street_tree_01,12937.5,7364.97,0.79,0,dense_urban,31
dp_309_0,hydrant,pro_hydrant_02,12765.5,7311.73,0.47,0,dense_urban,32
dp_309_1,mailbox,pro_mailbox_04,12872.5,7245.5,0.48,0,dense_urban,32
dt_310_0,tree,veg_planter_tree_03,663.0,7483.17,0.9199999999999999,0,residential,31
dt_310_1,tree,veg_planter_tree_10,574.17,7560.5,0.83,0,residential,31
dp_310_0,hydrant,pro_hydrant_17,538.75,7440.5,0.4,0,residential,32
dt_311_0,tree,veg_autumn_tree_04,4014.0,7652.0,0.95,0,residential,31
dt_311_1,tree,veg_planter_tree_03,4120.0,7594.67,0.96,0,residential,31
dp_311_0,hydrant,pro_hydrant_02,3957.0,7575.0,0.44,0,residential,32
dt_312_0,tree,veg_planter_tree_10,4459.5,7501.0,0.9199999999999999,0,residential,31
dt_312_1,tree,veg_planter_tree_10,4459.5,7535.0,0.94,0,residential,31
dp_312_0,hydrant,pro_hydrant_02,4271.5,7518.0,0.48,0,residential,32
dt_313_0,tree,veg_planter_tree_10,6026.0,7599.0,0.88,0,commercial,31
dt_313_1,tree,veg_planter_tree_10,6092.0,7599.0,0.81,0,commercial,31
dp_313_0,hydrant,pro_hydrant_02,6009.5,7468.0,0.45,0,commercial,32
dp_313_1,bench,pro_bench_18,6059.0,7468.0,0.41000000000000003,0,commercial,32
dp_313_2,mailbox,pro_mailbox_04,5947.0,7556.0,0.39,0,commercial,32
dt_314_0,tree,veg_planter_tree_10,11935.67,7683.4,0.91,0,dense_urban,31
dt_314_1,tree,veg_autumn_tree_04,12083.0,7616.6,0.94,0,dense_urban,31
dp_314_0,mailbox,pro_mailbox_04,11858.0,7567.8,0.4,0,dense_urban,32
dp_314_1,bench,pro_bench_03,12000.33,7506.0,0.45,0,dense_urban,32
dt_315_0,tree,veg_planter_tree_10,12306.5,7497.17,0.85,0,dense_urban,31
dt_315_1,tree,veg_planter_tree_10,12306.5,7561.83,0.91,0,dense_urban,31
dp_315_0,utility_box,pro_utility_box_05,12092.5,7497.17,0.4,0,dense_urban,32
dp_315_1,planter,pro_planter_13,12227.5,7419.5,0.39,0,dense_urban,32
dt_316_0,tree,veg_planter_tree_10,12340.83,7665.0,0.74,0,dense_urban,31
dt_316_1,tree,veg_street_tree_08,12435.5,7603.0,0.85,0,dense_urban,31
dp_316_0,planter,pro_planter_13,12289.5,7559.0,0.42,0,dense_urban,32
dp_316_1,hydrant,pro_hydrant_17,12289.5,7603.0,0.4,0,dense_urban,32
dt_317_0,tree,veg_planter_tree_03,12871.0,7506.23,0.76,0,dense_urban,31
dt_317_1,tree,veg_planter_tree_03,12871.0,7555.97,0.75,0,dense_urban,31
dp_317_0,utility_box,pro_utility_box_05,12730.0,7506.23,0.45,0,dense_urban,32
dp_317_1,planter,pro_planter_13,12816.33,7443.5,0.47,0,dense_urban,32
dt_318_0,tree,veg_planter_tree_10,13529.5,7490.0,0.78,0,dense_urban,31
dt_318_1,tree,veg_planter_tree_03,13529.5,7536.0,0.87,0,dense_urban,31
dp_318_0,utility_box,pro_utility_box_05,13341.4,7490.0,0.46,0,dense_urban,32
dp_318_1,planter,pro_planter_13,13341.4,7536.0,0.48,0,dense_urban,32
dt_319_0,tree,veg_street_tree_08,14859.5,7548.83,0.96,0,dense_urban,31
dt_319_1,tree,veg_street_tree_08,14859.5,7583.17,0.85,0,dense_urban,31
dp_319_0,bench,pro_bench_03,14583.0,7548.83,0.48,0,dense_urban,32
dp_319_1,utility_box,pro_utility_box_05,14759.67,7501.5,0.49,0,dense_urban,32
dt_320_0,tree,veg_planter_tree_03,609.7,7673.0,0.9,0,residential,31
dt_320_1,tree,veg_street_tree_01,522.97,7795.0,0.9299999999999999,0,residential,31
dp_320_0,hydrant,pro_hydrant_02,488.6,7608.0,0.45,0,residential,32
dt_321_0,tree,veg_autumn_tree_04,793.5,7674.0,0.8,0,residential,31
dt_321_1,tree,veg_autumn_tree_04,719.17,7788.0,0.88,0,residential,31
dp_321_0,hydrant,pro_hydrant_02,691.0,7613.0,0.48,0,residential,32
dt_322_0,tree,veg_planter_tree_03,3604.83,7853.7,0.83,0,residential,31
dt_322_1,tree,veg_autumn_tree_04,3715.5,7771.47,0.78,0,residential,31
dp_322_0,bench,pro_bench_03,3545.5,7739.35,0.44,0,residential,32
dt_323_0,tree,veg_planter_tree_10,4290.27,7800.0,0.94,0,residential,31
dt_323_1,tree,veg_planter_tree_03,4375.63,7800.0,0.84,0,residential,31
dp_323_0,bench,pro_bench_03,4332.95,7653.0,0.49,0,residential,32
dt_324_0,tree,veg_street_tree_01,6026.3,7755.5,0.94,0,commercial,31
dt_324_1,tree,veg_autumn_tree_04,6112.1,7755.5,0.95,0,commercial,31
dp_324_0,mailbox,pro_mailbox_04,6004.85,7621.5,0.4,0,commercial,32
dp_324_1,newspaper_box,pro_newspaper_box_12,5927.5,7686.0,0.39,0,commercial,32
dp_324_2,planter,pro_planter_13,6133.55,7621.5,0.38,0,commercial,32
dt_325_0,tree,veg_street_tree_08,6271.33,7829.5,0.95,0,commercial,31
dt_325_1,tree,veg_autumn_tree_04,6322.67,7829.5,0.84,0,commercial,31
dp_325_0,planter,pro_planter_13,6258.5,7635.5,0.45,0,commercial,32
dp_325_1,hydrant,pro_hydrant_02,6207.0,7730.0,0.41000000000000003,0,commercial,32
dp_325_2,bench,pro_bench_03,6207.0,7770.75,0.39,0,commercial,32
dt_326_0,tree,veg_planter_tree_10,11942.83,7899.9,0.9,0,dense_urban,31
dt_326_1,tree,veg_planter_tree_10,11999.17,7899.9,0.9299999999999999,0,dense_urban,31
dp_326_0,hydrant,pro_hydrant_02,11942.83,7663.0,0.49,0,dense_urban,32
dp_326_1,mailbox,pro_mailbox_04,11873.5,7813.27,0.49,0,dense_urban,32
dt_327_0,tree,veg_planter_tree_03,13589.67,7854.0,0.81,0,dense_urban,31
dt_327_1,tree,veg_planter_tree_03,13689.0,7782.0,0.89,0,dense_urban,31
dp_327_0,hydrant,pro_hydrant_17,13536.0,7728.0,0.43,0,dense_urban,32
dp_327_1,mailbox,pro_mailbox_04,13630.33,7661.0,0.4,0,dense_urban,32
dt_328_0,tree,veg_street_tree_08,13949.5,7736.83,0.9,0,dense_urban,31
dt_328_1,tree,veg_autumn_tree_04,13878.5,7823.5,0.9299999999999999,0,dense_urban,31
dp_328_0,planter,pro_planter_13,13825.5,7689.5,0.41000000000000003,0,dense_urban,32
dp_328_1,hydrant,pro_hydrant_17,13759.5,7771.17,0.45,0,dense_urban,32
dt_329_0,tree,veg_street_tree_01,14163.0,7707.53,0.78,0,dense_urban,31
dt_329_1,tree,veg_planter_tree_03,14163.0,7755.07,0.87,0,dense_urban,31
dp_329_0,planter,pro_planter_13,13996.0,7707.53,0.42,0,dense_urban,32
dp_329_1,hydrant,pro_hydrant_17,13996.0,7755.07,0.46,0,dense_urban,32
dt_330_0,tree,veg_street_tree_01,14543.5,7729.93,0.88,0,dense_urban,31
dt_330_1,tree,veg_planter_tree_03,14485.17,7836.8,0.81,0,dense_urban,31
dp_330_0,hydrant,pro_hydrant_17,14444.83,7672.5,0.38,0,dense_urban,32
dp_330_1,mailbox,pro_mailbox_04,14485.17,7672.5,0.38,0,dense_urban,32
dt_331_0,tree,veg_planter_tree_03,319.83,7978.5,0.84,0,residential,31
dt_331_1,tree,veg_autumn_tree_04,501.5,7910.17,0.79,0,residential,31
dp_331_0,planter,pro_planter_13,225.0,7885.0,0.39,0,residential,32
dt_332_0,tree,veg_planter_tree_03,1203.5,7880.0,0.89,0,residential,31
dt_332_1,tree,veg_autumn_tree_04,1130.5,7982.0,0.81,0,residential,31
dp_332_0,hydrant,pro_hydrant_17,1103.0,7825.0,0.48,0,residential,32
dt_333_0,tree,veg_planter_tree_10,3794.67,8047.0,0.76,0,residential,31
dt_333_1,tree,veg_street_tree_01,3914.0,7961.23,0.75,0,residential,31
dp_333_0,planter,pro_planter_13,3731.0,7927.35,0.46,0,residential,32
dt_334_0,tree,veg_street_tree_01,4129.0,7898.47,0.86,0,residential,31
dt_334_1,tree,veg_street_tree_01,4057.67,8008.0,0.91,0,residential,31
dp_334_0,planter,pro_planter_13,4031.0,7839.7,0.42,0,residential,32
dt_335_0,tree,veg_planter_tree_10,4207.67,8010.0,0.96,0,residential,31
dt_335_1,tree,veg_planter_tree_10,4303.0,7933.93,0.96,0,residential,31
dp_335_0,bench,pro_bench_03,4156.0,7904.9,0.38,0,residential,32
dt_336_0,tree,veg_planter_tree_10,4353.17,7964.0,0.9199999999999999,0,residential,31
dt_336_1,tree,veg_autumn_tree_04,4417.83,7964.0,0.94,0,residential,31
dp_336_0,planter,pro_planter_13,4385.5,7829.0,0.47,0,residential,32
dt_337_0,tree,veg_street_tree_01,6184.5,7926.17,0.74,0,commercial,31
dt_337_1,tree,veg_planter_tree_10,6184.5,7977.83,0.85,0,commercial,31
dp_337_0,newspaper_box,pro_newspaper_box_12,5960.5,7913.25,0.46,0,commercial,32
dp_337_1,planter,pro_planter_13,5960.5,7952.0,0.42,0,commercial,32
dp_337_2,hydrant,pro_hydrant_17,6118.25,7861.5,0.46,0,commercial,32
dt_338_0,tree,veg_street_tree_08,6348.5,7862.17,0.9,0,commercial,31
dt_338_1,tree,veg_street_tree_01,6280.83,7951.5,0.9299999999999999,0,commercial,31
dp_338_0,newspaper_box,pro_newspaper_box_12,6218.75,7813.5,0.42,0,commercial,32
dp_338_1,planter,pro_planter_13,6168.5,7880.0,0.46,0,commercial,32
dp_338_2,hydrant,pro_hydrant_17,6293.25,7813.5,0.42,0,commercial,32
dt_339_0,tree,veg_autumn_tree_04,11902.0,7926.0,0.82,0,dense_urban,31
dt_339_1,tree,veg_autumn_tree_04,11841.83,8048.0,0.89,0,dense_urban,31
dp_339_0,mailbox,pro_mailbox_04,11799.67,7861.0,0.49,0,dense_urban,32
dp_339_1,bench,pro_bench_18,11744.5,7978.0,0.43,0,dense_urban,32
dt_340_0,tree,veg_autumn_tree_04,88.33,8265.6,0.91,0,residential,31
dt_340_1,tree,veg_planter_tree_03,151.67,8265.6,0.94,0,residential,31
dp_340_0,hydrant,pro_hydrant_17,120.0,8026.0,0.44,0,residential,32
dt_341_0,tree,veg_autumn_tree_04,289.0,8205.3,0.9199999999999999,0,residential,31
dt_341_1,tree,veg_planter_tree_03,435.0,8131.87,0.94,0,residential,31
dp_341_0,bench,pro_bench_18,212.0,8104.15,0.45,0,residential,32
dt_342_0,tree,veg_planter_tree_10,1344.17,8199.0,0.88,0,residential,31
dt_342_1,tree,veg_planter_tree_03,1387.83,8199.0,0.9199999999999999,0,residential,31
dp_342_0,planter,pro_planter_13,1366.0,8036.0,0.45,0,residential,32
dt_343_0,tree,veg_street_tree_01,1524.17,8201.5,0.79,0,residential,31
dt_343_1,tree,veg_street_tree_01,1633.5,8133.17,0.88,0,residential,31
dp_343_0,planter,pro_planter_13,1465.5,8108.0,0.41000000000000003,0,residential,32
dt_344_0,tree,veg_autumn_tree_04,4282.5,8114.83,0.75,0,residential,31
dt_344_1,tree,veg_planter_tree_10,4282.5,8151.17,0.86,0,residential,31
dp_344_0,bench,pro_bench_18,4076.5,8133.0,0.49,0,residential,32
dt_345_0,tree,veg_street_tree_08,4357.47,8198.5,0.9199999999999999,0,residential,31
dt_345_1,tree,veg_autumn_tree_04,4427.43,8198.5,0.83,0,residential,31
dp_345_0,bench,pro_bench_18,4392.45,8036.5,0.38,0,residential,32
dt_346_0,tree,veg_street_tree_08,6020.5,8161.5,0.82,0,commercial,31
dt_346_1,tree,veg_street_tree_01,6097.5,8161.5,0.89,0,commercial,31
dp_346_0,bench,pro_bench_03,6001.25,8043.5,0.49,0,commercial,32
dp_346_1,mailbox,pro_mailbox_04,5930.5,8100.0,0.43,0,commercial,32
dp_346_2,newspaper_box,pro_newspaper_box_12,5930.5,8121.75,0.4,0,commercial,32
dt_347_0,tree,veg_street_tree_01,9871.83,8206.7,0.85,0,dense_urban,31
dt_347_1,tree,veg_planter_tree_03,9928.17,8206.7,0.91,0,dense_urban,31
dp_347_0,mailbox,pro_mailbox_04,9871.83,8049.0,0.48,0,dense_urban,32
dp_347_1,bench,pro_bench_18,9928.17,8049.0,0.49,0,dense_urban,32
dt_348_0,tree,veg_planter_tree_10,11813.47,8143.0,0.9,0,dense_urban,31
dt_348_1,tree,veg_planter_tree_03,11883.43,8143.0,0.82,0,dense_urban,31
dp_348_0,utility_box,pro_utility_box_05,11813.47,8030.0,0.38,0,dense_urban,32
dp_348_1,planter,pro_planter_13,11883.43,8030.0,0.38,0,dense_urban,32
dt_349_0,tree,veg_autumn_tree_04,4510.5,8288.43,0.76,0,residential,31
dt_349_1,tree,veg_street_tree_01,4510.5,8324.97,0.75,0,residential,31
dp_349_0,planter,pro_planter_13,4364.5,8306.7,0.49,0,residential,32
dt_350_0,tree,veg_autumn_tree_04,7907.17,8404.8,0.74,0,commercial,31
dt_350_1,tree,veg_street_tree_01,8044.5,8334.87,0.74,0,commercial,31
dp_350_0,newspaper_box,pro_newspaper_box_12,7834.5,8269.95,0.42,0,commercial,32
dp_350_1,planter,pro_planter_13,7937.0,8218.0,0.4,0,commercial,32
dp_350_2,hydrant,pro_hydrant_02,7981.75,8218.0,0.45,0,commercial,32
dt_351_0,tree,veg_planter_tree_10,9902.7,8339.5,0.88,0,dense_urban,31
dt_351_1,tree,veg_planter_tree_03,9948.9,8339.5,0.81,0,dense_urban,31
dp_351_0,hydrant,pro_hydrant_02,9902.7,8191.5,0.49,0,dense_urban,32
dp_351_1,mailbox,pro_mailbox_04,9948.9,8191.5,0.49,0,dense_urban,32
dt_352_0,tree,veg_planter_tree_03,11784.23,8340.5,0.86,0,dense_urban,31
dt_352_1,tree,veg_planter_tree_03,11848.47,8340.5,0.8,0,dense_urban,31
dp_352_0,mailbox,pro_mailbox_04,11784.23,8176.5,0.49,0,dense_urban,32
dp_352_1,bench,pro_bench_03,11848.47,8176.5,0.49,0,dense_urban,32
dt_353_0,tree,veg_autumn_tree_04,1293.47,8524.0,0.78,0,residential,31
dt_353_1,tree,veg_planter_tree_03,1410.0,8466.67,0.87,0,residential,31
dp_353_0,bench,pro_bench_18,1231.2,8447.0,0.49,0,residential,32
dt_354_0,tree,veg_planter_tree_10,2737.67,8520.5,0.85,0,residential,31
dt_354_1,tree,veg_planter_tree_03,2873.0,8459.83,0.79,0,residential,31
dp_354_0,bench,pro_bench_03,2666.0,8438.5,0.48,0,residential,32
dt_355_0,tree,veg_planter_tree_03,10043.1,8452.17,0.88,0,dense_urban,31
dt_355_1,tree,veg_street_tree_01,9969.23,8553.5,0.9199999999999999,0,dense_urban,31
dp_355_0,planter,pro_planter_13,9913.37,8397.5,0.43,0,dense_urban,32
dp_355_1,hydrant,pro_hydrant_17,9844.5,8493.83,0.46,0,dense_urban,32
dt_356_0,tree,veg_planter_tree_03,10104.0,8532.2,0.86,0,dense_urban,31
dt_356_1,tree,veg_street_tree_01,10246.0,8470.63,0.8,0,dense_urban,31
dp_356_0,mailbox,pro_mailbox_04,10029.0,8427.07,0.43,0,dense_urban,32
dp_356_1,bench,pro_bench_18,10166.0,8370.5,0.46,0,dense_urban,32
dt_357_0,tree,veg_street_tree_01,11806.87,8505.5,0.81,0,dense_urban,31
dt_357_1,tree,veg_street_tree_08,11873.73,8505.5,0.77,0,dense_urban,31
dp_357_0,planter,pro_planter_13,11806.87,8385.5,0.46,0,dense_urban,32
dp_357_1,hydrant,pro_hydrant_02,11727.0,8457.83,0.48,0,dense_urban,32
dt_358_0,tree,veg_planter_tree_10,1430.53,8744.0,0.85,0,residential,31
dt_358_1,tree,veg_planter_tree_10,1614.0,8684.67,0.91,0,residential,31
dp_358_0,planter,pro_planter_13,1334.8,8664.0,0.38,0,residential,32
dt_359_0,tree,veg_planter_tree_10,10053.2,8625.33,0.84,0,dense_urban,31
dt_359_1,tree,veg_street_tree_01,9974.47,8710.0,0.79,0,dense_urban,31
dp_359_0,utility_box,pro_utility_box_05,9913.73,8579.0,0.49,0,dense_urban,32
dp_359_1,planter,pro_planter_13,9974.47,8579.0,0.43,0,dense_urban,32
dt_360_0,tree,veg_autumn_tree_04,10250.0,8656.0,0.94,0,dense_urban,31
dt_360_1,tree,veg_autumn_tree_04,10188.67,8762.0,0.84,0,dense_urban,31
dp_360_0,utility_box,pro_utility_box_05,10145.33,8599.0,0.46,0,dense_urban,32
dp_360_1,planter,pro_planter_13,10188.67,8599.0,0.42,0,dense_urban,32
dt_361_0,tree,veg_street_tree_08,10319.47,8721.5,0.95,0,dense_urban,31
dt_361_1,tree,veg_street_tree_01,10368.73,8721.5,0.84,0,dense_urban,31
dp_361_0,bench,pro_bench_18,10319.47,8553.5,0.48,0,dense_urban,32
dp_361_1,utility_box,pro_utility_box_05,10257.2,8657.83,0.43,0,dense_urban,32
dt_362_0,tree,veg_street_tree_08,11761.77,8766.5,0.87,0,dense_urban,31
dt_362_1,tree,veg_street_tree_08,11844.03,8766.5,0.8,0,dense_urban,31
dp_362_0,hydrant,pro_hydrant_02,11761.77,8592.5,0.45,0,dense_urban,32
dp_362_1,mailbox,pro_mailbox_04,11666.5,8700.83,0.47,0,dense_urban,32
dt_363_0,tree,veg_street_tree_08,1259.6,8908.5,0.8,0,residential,31
dt_363_1,tree,veg_street_tree_08,1436.0,8857.5,0.88,0,residential,31
dp_363_0,bench,pro_bench_03,1167.4,8841.0,0.44,0,residential,32
dt_364_0,tree,veg_street_tree_01,3138.17,8937.1,0.85,0,residential,31
dt_364_1,tree,veg_street_tree_01,3239.5,8882.57,0.91,0,residential,31
dp_364_0,planter,pro_planter_13,3083.5,8864.3,0.4,0,residential,32
dt_365_0,tree,veg_planter_tree_03,5232.5,8923.5,0.75,0,residential,31
dt_365_1,tree,veg_planter_tree_03,5376.5,8851.17,0.74,0,residential,31
dp_365_0,planter,pro_planter_13,5156.5,8824.0,0.47,0,residential,32
dt_366_0,tree,veg_planter_tree_03,6289.5,8856.83,0.86,0,commercial,31
dt_366_1,tree,veg_autumn_tree_04,6230.5,8950.5,0.8,0,commercial,31
dp_366_0,mailbox,pro_mailbox_04,6179.25,8806.0,0.48,0,commercial,32
dp_366_1,newspaper_box,pro_newspaper_box_12,6210.0,8806.0,0.49,0,commercial,32
dp_366_2,planter,pro_planter_13,6240.75,8806.0,0.43,0,commercial,32
dt_367_0,tree,veg_street_tree_08,6443.37,8929.5,0.9199999999999999,0,commercial,31
dt_367_1,tree,veg_autumn_tree_04,6490.43,8929.5,0.83,0,commercial,31
dp_367_0,bench,pro_bench_03,6431.6,8771.5,0.45,0,commercial,32
dp_367_1,mailbox,pro_mailbox_04,6466.9,8771.5,0.41000000000000003,0,commercial,32
dp_367_2,newspaper_box,pro_newspaper_box_12,6383.3,8879.75,0.45,0,commercial,32
dt_368_0,tree,veg_planter_tree_10,9935.8,8818.5,0.78,0,dense_urban,31
dt_368_1,tree,veg_street_tree_08,9843.87,8898.5,0.87,0,dense_urban,31
dp_368_0,bench,pro_bench_03,9769.93,8774.5,0.39,0,dense_urban,32
dp_368_1,utility_box,pro_utility_box_05,9683.0,8849.5,0.44,0,dense_urban,32
dt_369_0,tree,veg_street_tree_08,10066.27,8935.5,0.82,0,dense_urban,31
dt_369_1,tree,veg_street_tree_01,10129.63,8935.5,0.78,0,dense_urban,31
dp_369_0,planter,pro_planter_13,10066.27,8759.5,0.46,0,dense_urban,32
dp_369_1,hydrant,pro_hydrant_17,10129.63,8759.5,0.42,0,dense_urban,32
dt_370_0,tree,veg_planter_tree_03,11751.43,8934.0,0.9,0,dense_urban,31
dt_370_1,tree,veg_street_tree_08,11806.87,8934.0,0.82,0,dense_urban,31
dp_370_0,bench,pro_bench_18,11751.43,8791.0,0.42,0,dense_urban,32
dp_370_1,utility_box,pro_utility_box_05,11806.87,8791.0,0.4,0,dense_urban,32
dt_371_0,tree,veg_planter_tree_10,1402.5,9009.17,0.82,0,residential,31
dt_371_1,tree,veg_street_tree_01,1402.5,9046.83,0.78,0,residential,31
dp_371_0,planter,pro_planter_13,1211.8,9028.0,0.39,0,residential,32
dt_372_0,tree,veg_planter_tree_10,1449.4,9140.0,0.81,0,residential,31
dt_372_1,tree,veg_autumn_tree_04,1573.0,9080.67,0.77,0,residential,31
dp_372_0,planter,pro_planter_13,1383.6,9060.0,0.43,0,residential,32
dt_373_0,tree,veg_street_tree_01,3044.0,8967.53,0.94,0,residential,31
dt_373_1,tree,veg_street_tree_08,2969.33,9107.0,0.84,0,residential,31
dp_373_0,hydrant,pro_hydrant_02,2941.0,8893.8,0.4,0,residential,32
dt_374_0,tree,veg_planter_tree_10,3279.5,9028.33,0.77,0,residential,31
dt_374_1,tree,veg_autumn_tree_04,3279.5,9073.67,0.75,0,residential,31
dp_374_0,hydrant,pro_hydrant_02,3025.4,9051.0,0.4,0,residential,32
dt_375_0,tree,veg_street_tree_08,3429.0,9029.33,0.96,0,residential,31
dt_375_1,tree,veg_street_tree_01,3365.47,9106.0,0.85,0,residential,31
dp_375_0,bench,pro_bench_18,3342.7,8987.0,0.38,0,residential,32
dt_376_0,tree,veg_planter_tree_03,5701.0,9030.83,0.91,0,commercial,31
dt_376_1,tree,veg_autumn_tree_04,5602.03,9105.5,0.94,0,commercial,31
dp_376_0,hydrant,pro_hydrant_17,5500.83,8989.5,0.46,0,commercial,32
dp_376_1,bench,pro_bench_03,5561.55,8989.5,0.42,0,commercial,32
dp_376_2,mailbox,pro_mailbox_04,5622.28,8989.5,0.4,0,commercial,32
dt_377_0,tree,veg_street_tree_01,6372.3,9013.17,0.8,0,commercial,31
dt_377_1,tree,veg_street_tree_08,6372.3,9058.83,0.77,0,commercial,31
dp_377_0,newspaper_box,pro_newspaper_box_12,6139.5,9001.75,0.41000000000000003,0,commercial,32
dp_377_1,planter,pro_planter_13,6253.4,8954.5,0.39,0,commercial,32
dp_377_2,hydrant,pro_hydrant_02,6139.5,9070.25,0.44,0,commercial,32
dp_378_0,crate_cluster,pro_crate_cluster_11,6400.5,8927.3,0.45,0,waterfront,32
dp_378_1,utility_box,pro_utility_box_05,6439.0,8927.3,0.47,0,waterfront,32
dp_378_2,dumpster,pro_dumpster_16,6349.0,9095.7,0.42,0,waterfront,32
dp_379_0,crate_cluster,pro_crate_cluster_11,7401.75,8945.0,0.46,0,waterfront,32
dp_379_1,utility_box,pro_utility_box_05,7439.0,8945.0,0.48,0,waterfront,32
dp_379_2,dumpster,pro_dumpster_01,7476.25,8945.0,0.49,0,waterfront,32
dp_380_0,dumpster,pro_dumpster_01,7584.5,8935.0,0.45,0,waterfront,32
dp_380_1,bollard,pro_bollard_09,7640.0,8935.0,0.41000000000000003,0,waterfront,32
dp_380_2,barrier,pro_barrier_07,7516.0,9020.0,0.45,0,waterfront,32
dt_381_0,tree,veg_planter_tree_10,9903.17,9086.5,0.85,0,dense_urban,31
dt_381_1,tree,veg_street_tree_01,10048.5,9025.83,0.79,0,dense_urban,31
dp_381_0,mailbox,pro_mailbox_04,9826.5,8983.17,0.48,0,dense_urban,32
dp_381_1,bench,pro_bench_03,9826.5,9025.83,0.49,0,dense_urban,32
dt_382_0,tree,veg_planter_tree_03,11450.0,9045.07,0.95,0,dense_urban,31
dt_382_1,tree,veg_autumn_tree_04,11450.0,9110.63,0.96,0,dense_urban,31
dp_382_0,planter,pro_planter_13,11291.0,9045.07,0.39,0,dense_urban,32
dp_382_1,hydrant,pro_hydrant_02,11389.33,8966.5,0.44,0,dense_urban,32
dt_383_0,tree,veg_street_tree_08,11694.0,8998.93,0.94,0,dense_urban,31
dt_383_1,tree,veg_planter_tree_10,11640.0,9120.8,0.84,0,dense_urban,31
dp_383_0,utility_box,pro_utility_box_05,11604.0,8934.0,0.46,0,dense_urban,32
dp_383_1,planter,pro_planter_13,11640.0,8934.0,0.48,0,dense_urban,32
dt_384_0,tree,veg_autumn_tree_04,1474.93,9314.5,0.75,0,residential,31
dt_384_1,tree,veg_autumn_tree_04,1588.0,9256.83,0.86,0,residential,31
dp_384_0,bench,pro_bench_18,1414.4,9237.0,0.41000000000000003,0,residential,32
dt_385_0,tree,veg_planter_tree_03,1782.5,9204.73,0.87,0,residential,31
dt_385_1,tree,veg_street_tree_01,1782.5,9266.97,0.9199999999999999,0,residential,31
dp_385_0,planter,pro_planter_13,1620.5,9235.85,0.49,0,residential,32
dt_386_0,tree,veg_planter_tree_10,3210.87,9339.0,0.76,0,residential,31
dt_386_1,tree,veg_street_tree_01,3362.6,9277.67,0.86,0,residential,31
dp_386_0,bench,pro_bench_18,3131.0,9256.0,0.44,0,residential,32
dp_387_0,crate_cluster,pro_crate_cluster_11,6542.0,9156.25,0.49,0,waterfront,32
dp_387_1,utility_box,pro_utility_box_05,6542.0,9193.0,0.49,0,waterfront,32
dp_387_2,dumpster,pro_dumpster_01,6542.0,9229.75,0.49,0,waterfront,32
dt_388_0,tree,veg_autumn_tree_04,10082.37,9275.0,0.74,0,dense_urban,31
dt_388_1,tree,veg_street_tree_01,10157.23,9275.0,0.85,0,dense_urban,31
dp_388_0,planter,pro_planter_13,10082.37,9122.0,0.39,0,dense_urban,32
dp_388_1,hydrant,pro_hydrant_02,9994.5,9216.33,0.44,0,dense_urban,32
dt_389_0,tree,veg_autumn_tree_04,10733.17,9287.0,0.9299999999999999,0,dense_urban,31
dt_389_1,tree,veg_planter_tree_10,10780.83,9287.0,0.95,0,dense_urban,31
dp_389_0,utility_box,pro_utility_box_05,10733.17,9138.5,0.47,0,dense_urban,32
dp_389_1,planter,pro_planter_13,10780.83,9138.5,0.48,0,dense_urban,32
dt_390_0,tree,veg_planter_tree_10,10902.33,9354.5,0.75,0,dense_urban,31
dt_390_1,tree,veg_planter_tree_03,10963.67,9354.5,0.86,0,dense_urban,31
dp_390_0,utility_box,pro_utility_box_05,10902.33,9129.5,0.47,0,dense_urban,32
dp_390_1,planter,pro_planter_13,10963.67,9129.5,0.48,0,dense_urban,32
dt_391_0,tree,veg_planter_tree_10,11133.0,9352.1,0.94,0,dense_urban,31
dt_391_1,tree,veg_street_tree_01,11267.0,9270.73,0.84,0,dense_urban,31
dp_391_0,bench,pro_bench_18,11062.0,9207.37,0.46,0,dense_urban,32
dp_391_1,utility_box,pro_utility_box_05,11191.0,9131.0,0.42,0,dense_urban,32
dt_392_0,tree,veg_planter_tree_10,1814.5,9394.83,0.77,0,residential,31
dt_392_1,tree,veg_planter_tree_10,1741.5,9517.5,0.75,0,residential,31
dp_392_0,planter,pro_planter_13,1714.0,9329.5,0.43,0,residential,32
dt_393_0,tree,veg_street_tree_01,3312.5,9440.5,0.76,0,residential,31
dt_393_1,tree,veg_planter_tree_10,3432.5,9390.97,0.75,0,residential,31
dp_393_0,bench,pro_bench_18,3248.5,9375.2,0.48,0,residential,32
dp_394_0,utility_box,pro_utility_box_05,6420.15,9297.0,0.47,0,waterfront,32
dp_394_1,dumpster,pro_dumpster_16,6472.3,9297.0,0.42,0,waterfront,32
dp_394_2,bollard,pro_bollard_09,6355.0,9410.5,0.46,0,waterfront,32
dp_395_0,crate_cluster,pro_crate_cluster_11,8249.0,9367.75,0.4,0,waterfront,32
dp_395_1,utility_box,pro_utility_box_05,8249.0,9403.0,0.39,0,waterfront,32
dp_395_2,dumpster,pro_dumpster_01,8341.5,9319.5,0.38,0,waterfront,32
dp_396_0,crate_cluster,pro_crate_cluster_11,10107.95,9292.0,0.4,0,waterfront,32
dp_396_1,utility_box,pro_utility_box_05,10040.5,9384.0,0.39,0,waterfront,32
dp_396_2,dumpster,pro_dumpster_01,10216.85,9292.0,0.44,0,waterfront,32
dp_397_0,utility_box,pro_utility_box_05,10313.5,9338.0,0.46,0,waterfront,32
dp_397_1,dumpster,pro_dumpster_16,10271.0,9440.75,0.48,0,waterfront,32
dp_397_2,bollard,pro_bollard_09,10372.5,9338.0,0.43,0,waterfront,32
dt_398_0,tree,veg_planter_tree_10,10513.17,9547.0,0.9199999999999999,0,dense_urban,31
dt_398_1,tree,veg_planter_tree_10,10556.83,9547.0,0.94,0,dense_urban,31
dp_398_0,bench,pro_bench_03,10513.17,9347.0,0.4,0,dense_urban,32
dp_398_1,utility_box,pro_utility_box_05,10456.5,9472.67,0.39,0,dense_urban,32
dt_399_0,tree,veg_autumn_tree_04,10728.5,9520.2,0.9199999999999999,0,dense_urban,31
dt_399_1,tree,veg_planter_tree_10,10868.5,9458.63,0.83,0,dense_urban,31
dp_399_0,bench,pro_bench_03,10654.5,9415.07,0.49,0,dense_urban,32
dp_399_1,utility_box,pro_utility_box_05,10789.5,9358.5,0.43,0,dense_urban,32
dt_400_0,tree,veg_planter_tree_10,2708.3,9572.67,0.78,0,residential,31
dt_400_1,tree,veg_planter_tree_10,2612.87,9696.0,0.76,0,residential,31
dp_400_0,hydrant,pro_hydrant_17,2574.15,9507.0,0.47,0,residential,32
dt_401_0,tree,veg_street_tree_08,4132.7,9545.83,0.77,0,residential,31
dt_401_1,tree,veg_street_tree_01,4043.13,9672.5,0.75,0,residential,31
dp_401_0,planter,pro_planter_13,4007.35,9478.5,0.41000000000000003,0,residential,32
dt_402_0,tree,veg_street_tree_01,4621.5,9641.3,0.9299999999999999,0,residential,31
dt_402_1,tree,veg_planter_tree_10,4745.5,9582.37,0.95,0,residential,31
dp_402_0,planter,pro_planter_13,4555.5,9561.9,0.47,0,residential,32
dp_403_0,utility_box,pro_utility_box_05,6388.0,9573.0,0.49,0,waterfront,32
dp_403_1,dumpster,pro_dumpster_01,6388.0,9597.0,0.43,0,waterfront,32
dp_403_2,bollard,pro_bollard_09,6388.0,9621.0,0.46,0,waterfront,32
dp_404_0,barrier,pro_barrier_07,7465.75,9506.0,0.39,0,waterfront,32
dp_404_1,crate_cluster,pro_crate_cluster_11,7506.0,9506.0,0.44,0,waterfront,32
dp_404_2,utility_box,pro_utility_box_05,7412.5,9610.05,0.47,0,waterfront,32
dp_405_0,dumpster,pro_dumpster_01,9652.5,9555.88,0.4,0,waterfront,32
dp_405_1,bollard,pro_bollard_09,9760.0,9498.0,0.39,0,waterfront,32
dp_405_2,barrier,pro_barrier_07,9807.25,9498.0,0.38,0,waterfront,32
dp_406_0,barrier,pro_barrier_07,10051.5,9521.75,0.44,0,waterfront,32
dp_406_1,crate_cluster,pro_crate_cluster_11,10160.0,9480.5,0.41000000000000003,0,waterfront,32
dp_406_2,utility_box,pro_utility_box_05,10207.75,9480.5,0.39,0,waterfront,32
dt_407_0,tree,veg_street_tree_01,1481.43,9882.5,0.83,0,residential,31
dt_407_1,tree,veg_street_tree_01,1667.5,9816.83,0.78,0,residential,31
dp_407_0,planter,pro_planter_13,1384.4,9793.0,0.46,0,residential,32
dt_408_0,tree,veg_street_tree_01,2895.0,9757.37,0.85,0,residential,31
dt_408_1,tree,veg_planter_tree_03,2895.0,9804.43,0.79,0,residential,31
dp_408_0,hydrant,pro_hydrant_02,2666.0,9780.9,0.38,0,residential,32
dp_409_0,crate_cluster,pro_crate_cluster_11,6348.5,9715.75,0.49,0,waterfront,32
dp_409_1,utility_box,pro_utility_box_05,6477.0,9669.5,0.49,0,waterfront,32
dp_409_2,dumpster,pro_dumpster_01,6348.5,9782.25,0.49,0,waterfront,32
dp_410_0,bollard,pro_bollard_09,7467.6,9674.0,0.43,0,waterfront,32
dp_410_1,barrier,pro_barrier_07,7419.3,9740.0,0.4,0,waterfront,32
dp_410_2,crate_cluster,pro_crate_cluster_11,7419.3,9766.5,0.39,0,waterfront,32
dp_411_0,barrier,pro_barrier_07,8990.5,9757.83,0.46,0,waterfront,32
dp_411_1,crate_cluster,pro_crate_cluster_11,9099.0,9711.5,0.42,0,waterfront,32
dp_411_2,utility_box,pro_utility_box_05,9146.75,9711.5,0.46,0,waterfront,32
dp_412_0,crate_cluster,pro_crate_cluster_11,9484.5,9728.25,0.48,0,waterfront,32
dp_412_1,utility_box,pro_utility_box_05,9565.2,9692.5,0.43,0,waterfront,32
dp_412_2,dumpster,pro_dumpster_16,9599.05,9692.5,0.46,0,waterfront,32
dp_413_0,barrier,pro_barrier_07,9629.0,9790.2,0.38,0,waterfront,32
dp_413_1,crate_cluster,pro_crate_cluster_11,9727.0,9748.5,0.44,0,waterfront,32
dp_413_2,utility_box,pro_utility_box_05,9769.5,9748.5,0.47,0,waterfront,32
dp_414_0,barrier,pro_barrier_07,9838.5,9778.3,0.48,0,waterfront,32
dp_414_1,crate_cluster,pro_crate_cluster_11,9838.5,9832.1,0.49,0,waterfront,32
dp_414_2,utility_box,pro_utility_box_05,9930.25,9711.5,0.43,0,waterfront,32
dt_415_0,tree,veg_autumn_tree_04,1804.0,9961.5,0.86,0,residential,31
dt_415_1,tree,veg_autumn_tree_04,1706.8,10061.5,0.8,0,residential,31
dp_415_0,planter,pro_planter_13,1667.2,9907.5,0.38,0,residential,32
dt_416_0,tree,veg_street_tree_01,3493.5,9982.7,0.88,0,residential,31
dt_416_1,tree,veg_planter_tree_10,3493.5,10028.9,0.9199999999999999,0,residential,31
dp_416_0,hydrant,pro_hydrant_02,3331.5,10005.8,0.42,0,residential,32
dt_417_0,tree,veg_street_tree_01,3553.17,10128.8,0.88,0,residential,31
dt_417_1,tree,veg_planter_tree_10,3612.83,10128.8,0.9199999999999999,0,residential,31
dp_417_0,planter,pro_planter_13,3583.0,9913.0,0.43,0,residential,32
dp_418_0,utility_box,pro_utility_box_05,6207.5,9947.05,0.48,0,waterfront,32
dp_418_1,dumpster,pro_dumpster_01,6295.0,9905.0,0.43,0,waterfront,32
dp_418_2,bollard,pro_bollard_09,6332.25,9905.0,0.4,0,waterfront,32
dp_419_0,utility_box,pro_utility_box_05,6379.5,9899.0,0.41000000000000003,0,waterfront,32
dp_419_1,dumpster,pro_dumpster_01,6487.0,9852.0,0.39,0,waterfront,32
dp_419_2,bollard,pro_bollard_09,6379.5,9967.0,0.44,0,waterfront,32
dp_420_0,bollard,pro_bollard_09,7073.3,9858.5,0.44,0,waterfront,32
dp_420_1,barrier,pro_barrier_07,7024.0,9930.0,0.47,0,waterfront,32
dp_420_2,crate_cluster,pro_crate_cluster_11,7145.9,9858.5,0.42,0,waterfront,32
dp_421_0,crate_cluster,pro_crate_cluster_11,7221.75,9860.0,0.44,0,waterfront,32
dp_421_1,utility_box,pro_utility_box_05,7254.0,9860.0,0.41000000000000003,0,waterfront,32
dp_421_2,dumpster,pro_dumpster_16,7286.25,9860.0,0.39,0,waterfront,32
dp_422_0,utility_box,pro_utility_box_05,7363.5,9952.1,0.4,0,waterfront,32
dp_422_1,dumpster,pro_dumpster_01,7462.0,9900.5,0.39,0,waterfront,32
dp_422_2,bollard,pro_bollard_09,7504.75,9900.5,0.38,0,waterfront,32
dp_423_0,bollard,pro_bollard_09,7562.0,9966.92,0.38,0,waterfront,32
dp_423_1,barrier,pro_barrier_07,7562.0,10007.85,0.38,0,waterfront,32
dp_423_2,crate_cluster,pro_crate_cluster_11,7701.0,9913.0,0.44,0,waterfront,32
dp_424_0,crate_cluster,pro_crate_cluster_11,8415.5,9927.25,0.38,0,waterfront,32
dp_424_1,utility_box,pro_utility_box_05,8542.7,9881.5,0.38,0,waterfront,32
dp_424_2,dumpster,pro_dumpster_16,8599.8,9881.5,0.44,0,waterfront,32
dp_425_0,crate_cluster,pro_crate_cluster_11,9066.5,9973.2,0.46,0,waterfront,32
dp_425_1,utility_box,pro_utility_box_05,9154.0,9914.0,0.42,0,waterfront,32
dp_425_2,dumpster,pro_dumpster_01,9191.25,9914.0,0.4,0,waterfront,32
dp_426_0,dumpster,pro_dumpster_16,9502.75,9907.5,0.47,0,waterfront,32
dp_426_1,bollard,pro_bollard_09,9458.5,9985.85,0.42,0,waterfront,32
dp_426_2,barrier,pro_barrier_07,9458.5,10018.52,0.4,0,waterfront,32
dt_427_0,tree,veg_planter_tree_10,1851.0,10127.17,0.84,0,residential,31
dt_427_1,tree,veg_planter_tree_03,1751.17,10224.5,0.9,0,residential,31
dp_427_0,hydrant,pro_hydrant_17,1710.25,10074.5,0.44,0,residential,32
dt_428_0,tree,veg_autumn_tree_04,3385.77,10244.5,0.96,0,residential,31
dt_428_1,tree,veg_street_tree_01,3434.03,10244.5,0.96,0,residential,31
dp_428_0,hydrant,pro_hydrant_17,3409.9,10106.5,0.44,0,residential,32
dt_429_0,tree,veg_street_tree_01,3555.0,10276.1,0.9299999999999999,0,residential,31
dt_429_1,tree,veg_planter_tree_03,3617.0,10276.1,0.83,0,residential,31
dp_429_0,planter,pro_planter_13,3586.0,10106.0,0.43,0,residential,32
dp_430_0,barrier,pro_barrier_07,5231.25,10059.5,0.47,0,waterfront,32
dp_430_1,crate_cluster,pro_crate_cluster_11,5177.5,10136.0,0.42,0,waterfront,32
dp_430_2,utility_box,pro_utility_box_05,5177.5,10167.75,0.4,0,waterfront,32
dp_431_0,barrier,pro_barrier_07,5490.5,10139.0,0.38,0,waterfront,32
dp_431_1,crate_cluster,pro_crate_cluster_11,5600.5,10105.0,0.44,0,waterfront,32
dp_431_2,utility_box,pro_utility_box_05,5649.0,10105.0,0.47,0,waterfront,32
dp_432_0,utility_box,pro_utility_box_05,6214.5,10096.75,0.43,0,waterfront,32
dp_432_1,dumpster,pro_dumpster_01,6311.3,10046.5,0.4,0,waterfront,32
dp_432_2,bollard,pro_bollard_09,6214.5,10171.25,0.45,0,waterfront,32
dp_433_0,utility_box,pro_utility_box_05,7076.98,10077.0,0.49,0,waterfront,32
dp_433_1,dumpster,pro_dumpster_01,7129.45,10077.0,0.43,0,waterfront,32
dp_433_2,bollard,pro_bollard_09,7011.5,10198.0,0.46,0,waterfront,32
dp_434_0,bollard,pro_bollard_09,7758.0,10091.25,0.42,0,waterfront,32
dp_434_1,barrier,pro_barrier_07,7859.0,10038.0,0.46,0,waterfront,32
dp_434_2,crate_cluster,pro_crate_cluster_11,7903.0,10038.0,0.42,0,waterfront,32
dp_435_0,crate_cluster,pro_crate_cluster_11,7979.5,10093.1,0.49,0,waterfront,32
dp_435_1,utility_box,pro_utility_box_05,8055.0,10041.5,0.43,0,waterfront,32
dp_435_2,dumpster,pro_dumpster_01,7979.5,10170.3,0.46,0,waterfront,32
dp_436_0,bollard,pro_bollard_09,8255.5,10103.67,0.45,0,waterfront,32
dp_436_1,barrier,pro_barrier_07,8255.5,10135.35,0.47,0,waterfront,32
dp_436_2,crate_cluster,pro_crate_cluster_11,8255.5,10167.02,0.42,0,waterfront,32
dt_437_0,tree,veg_planter_tree_03,1642.9,10430.0,0.77,0,residential,31
dt_437_1,tree,veg_planter_tree_10,1706.7,10430.0,0.75,0,residential,31
dp_437_0,hydrant,pro_hydrant_17,1674.8,10263.0,0.38,0,residential,32
dt_438_0,tree,veg_planter_tree_10,3504.1,10295.0,0.9199999999999999,0,residential,31
dt_438_1,tree,veg_planter_tree_03,3504.1,10343.0,0.94,0,residential,31
dp_438_0,planter,pro_planter_13,3325.5,10319.0,0.38,0,residential,32
dp_439_0,crate_cluster,pro_crate_cluster_11,5188.5,10281.0,0.38,0,waterfront,32
dp_439_1,utility_box,pro_utility_box_05,5188.5,10321.0,0.38,0,waterfront,32
dp_439_2,dumpster,pro_dumpster_01,5321.27,10228.0,0.44,0,waterfront,32
dp_440_0,bollard,pro_bollard_09,5547.05,10267.5,0.48,0,waterfront,32
dp_440_1,barrier,pro_barrier_07,5598.2,10267.5,0.49,0,waterfront,32
dp_440_2,crate_cluster,pro_crate_cluster_11,5649.35,10267.5,0.49,0,waterfront,32
dp_441_0,dumpster,pro_dumpster_16,7226.5,10263.5,0.46,0,waterfront,32
dp_441_1,bollard,pro_bollard_09,7276.0,10263.5,0.48,0,waterfront,32
dp_441_2,barrier,pro_barrier_07,7325.5,10263.5,0.43,0,waterfront,32
dt_442_0,tree,veg_street_tree_01,1796.5,10460.67,0.86,0,residential,31
dt_442_1,tree,veg_planter_tree_10,1796.5,10499.33,0.8,0,residential,31
dp_442_0,hydrant,pro_hydrant_17,1576.7,10480.0,0.44,0,residential,32
dt_443_0,tree,veg_street_tree_01,3479.2,10519.0,0.82,0,residential,31
dt_443_1,tree,veg_street_tree_01,3403.13,10621.0,0.78,0,residential,31
dp_443_0,hydrant,pro_hydrant_17,3374.1,10464.0,0.39,0,residential,32
dp_444_0,dumpster,pro_dumpster_01,5305.0,10509.3,0.43,0,waterfront,32
dp_444_1,bollard,pro_bollard_09,5392.0,10468.9,0.4,0,waterfront,32
dp_444_2,barrier,pro_barrier_07,5305.0,10564.1,0.45,0,waterfront,32
dp_445_0,barrier,pro_barrier_07,5594.25,10411.9,0.42,0,waterfront,32
dp_445_1,crate_cluster,pro_crate_cluster_11,5641.0,10411.9,0.4,0,waterfront,32
dp_445_2,utility_box,pro_utility_box_05,5687.75,10411.9,0.45,0,waterfront,32
dp_446_0,bollard,pro_bollard_09,5796.0,10467.0,0.38,0,waterfront,32
dp_446_1,barrier,pro_barrier_07,5838.0,10467.0,0.44,0,waterfront,32
dp_446_2,crate_cluster,pro_crate_cluster_11,5880.0,10467.0,0.41000000000000003,0,waterfront,32
dp_447_0,crate_cluster,pro_crate_cluster_11,6929.5,10514.6,0.46,0,waterfront,32
dp_447_1,utility_box,pro_utility_box_05,7023.0,10462.0,0.48,0,waterfront,32
dp_447_2,dumpster,pro_dumpster_01,7063.25,10462.0,0.49,0,waterfront,32
dt_448_0,tree,veg_planter_tree_10,1853.0,10689.67,0.94,0,residential,31
dt_448_1,tree,veg_street_tree_08,1754.03,10777.0,0.84,0,residential,31
dp_448_0,hydrant,pro_hydrant_02,1713.55,10642.0,0.42,0,residential,32
dt_449_0,tree,veg_autumn_tree_04,3600.1,10658.83,0.9,0,residential,31
dt_449_1,tree,veg_street_tree_01,3600.1,10703.17,0.9299999999999999,0,residential,31
dp_449_0,hydrant,pro_hydrant_17,3313.0,10681.0,0.4,0,residential,32
dp_450_0,bollard,pro_bollard_09,5589.5,10627.75,0.47,0,waterfront,32
dp_450_1,barrier,pro_barrier_07,5681.05,10576.5,0.48,0,waterfront,32
dp_450_2,crate_cluster,pro_crate_cluster_11,5589.5,10704.25,0.49,0,waterfront,32
dp_451_0,barrier,pro_barrier_07,5944.0,10662.35,0.42,0,waterfront,32
dp_451_1,crate_cluster,pro_crate_cluster_11,6034.0,10617.0,0.46,0,waterfront,32
dp_451_2,utility_box,pro_utility_box_05,6072.5,10617.0,0.48,0,waterfront,32
dp_452_0,utility_box,pro_utility_box_05,6139.0,10664.62,0.4,0,waterfront,32
dp_452_1,dumpster,pro_dumpster_16,6139.0,10717.75,0.39,0,waterfront,32
dp_452_2,bollard,pro_bollard_09,6278.0,10598.5,0.44,0,waterfront,32
dp_453_0,utility_box,pro_utility_box_05,6592.5,10640.1,0.46,0,waterfront,32
dp_453_1,dumpster,pro_dumpster_01,6592.5,10680.7,0.48,0,waterfront,32
dp_453_2,bollard,pro_bollard_09,6685.75,10586.5,0.43,0,waterfront,32
dt_454_0,tree,veg_planter_tree_03,1671.17,10992.0,0.89,0,residential,31
dt_454_1,tree,veg_autumn_tree_04,1818.5,10922.0,0.9299999999999999,0,residential,31
dp_454_0,hydrant,pro_hydrant_17,1593.5,10896.0,0.47,0,residential,32
dt_455_0,tree,veg_street_tree_08,2004.5,10880.53,0.9,0,residential,31
dt_455_1,tree,veg_planter_tree_10,2004.5,10920.57,0.9299999999999999,0,residential,31
dp_455_0,bench,pro_bench_03,1840.5,10900.55,0.43,0,residential,32
dt_456_0,tree,veg_street_tree_01,3341.47,10910.5,0.75,0,residential,31
dt_456_1,tree,veg_planter_tree_03,3528.4,10864.17,0.86,0,residential,31
dp_456_0,hydrant,pro_hydrant_17,3244.0,10850.0,0.38,0,residential,32
dp_457_0,crate_cluster,pro_crate_cluster_11,5847.4,10826.5,0.46,0,waterfront,32
dp_457_1,utility_box,pro_utility_box_05,5889.3,10826.5,0.42,0,waterfront,32
dp_457_2,dumpster,pro_dumpster_16,5931.2,10826.5,0.46,0,waterfront,32
dt_458_0,tree,veg_planter_tree_10,1894.0,11171.0,0.78,0,residential,31
dt_458_1,tree,veg_street_tree_08,1934.0,11171.0,0.87,0,residential,31
dp_458_0,planter,pro_planter_13,1914.0,11022.0,0.41000000000000003,0,residential,32
dt_459_0,tree,veg_planter_tree_10,3549.9,11074.17,0.86,0,residential,31
dt_459_1,tree,veg_street_tree_08,3463.27,11167.5,0.91,0,residential,31
dp_459_0,planter,pro_planter_13,3428.95,11023.5,0.42,0,residential,32
dp_460_0,dumpster,pro_dumpster_16,5802.5,11041.0,0.39,0,waterfront,32
dp_460_1,bollard,pro_bollard_09,5908.55,10994.0,0.44,0,waterfront,32
dp_460_2,barrier,pro_barrier_07,5802.5,11109.0,0.47,0,waterfront,32
dt_461_0,tree,veg_street_tree_08,1896.83,11290.0,0.81,0,residential,31
dt_461_1,tree,veg_planter_tree_10,1967.67,11290.0,0.77,0,residential,31
dp_461_0,hydrant,pro_hydrant_17,1932.25,11157.0,0.49,0,residential,32
dt_462_0,tree,veg_planter_tree_03,2532.5,11335.7,0.79,0,residential,31
dt_462_1,tree,veg_planter_tree_10,2620.5,11280.3,0.88,0,residential,31
dp_462_0,planter,pro_planter_13,2484.5,11261.6,0.43,0,residential,32
dt_463_0,tree,veg_planter_tree_03,3530.0,11213.83,0.91,0,residential,31
dt_463_1,tree,veg_planter_tree_10,3530.0,11262.17,0.82,0,residential,31
dp_463_0,bench,pro_bench_18,3301.0,11238.0,0.38,0,residential,32
dp_464_0,dumpster,pro_dumpster_16,3945.75,11096.3,0.39,0,waterfront,32
dp_464_1,bollard,pro_bollard_09,3987.0,11096.3,0.38,0,waterfront,32
dp_464_2,barrier,pro_barrier_07,3891.5,11270.7,0.44,0,waterfront,32
dp_465_0,crate_cluster,pro_crate_cluster_11,5934.0,11262.5,0.4,0,waterfront,32
dp_465_1,utility_box,pro_utility_box_05,5934.0,11284.0,0.39,0,waterfront,32
dp_465_2,dumpster,pro_dumpster_16,6119.27,11228.0,0.44,0,waterfront,32
dt_466_0,tree,veg_street_tree_01,1850.5,11432.5,0.74,0,residential,31
dt_466_1,tree,veg_planter_tree_03,1778.37,11548.5,0.74,0,residential,31
dp_466_0,planter,pro_planter_13,1751.3,11370.5,0.47,0,residential,32
dt_467_0,tree,veg_planter_tree_10,1988.5,11438.5,0.87,0,residential,31
dt_467_1,tree,veg_planter_tree_10,1988.5,11489.5,0.9199999999999999,0,residential,31
dp_467_0,hydrant,pro_hydrant_17,1828.5,11464.0,0.47,0,residential,32
dt_468_0,tree,veg_planter_tree_03,2482.67,11483.5,0.81,0,residential,31
dt_468_1,tree,veg_planter_tree_03,2630.0,11422.57,0.89,0,residential,31
dp_468_0,hydrant,pro_hydrant_02,2405.0,11401.1,0.48,0,residential,32
dt_469_0,tree,veg_street_tree_01,2722.5,11519.0,0.79,0,residential,31
dt_469_1,tree,veg_planter_tree_03,2769.5,11519.0,0.76,0,residential,31
dp_469_0,bench,pro_bench_18,2746.0,11348.1,0.44,0,residential,32
dt_470_0,tree,veg_autumn_tree_04,3555.0,11445.17,0.84,0,residential,31
dt_470_1,tree,veg_planter_tree_03,3555.0,11492.83,0.79,0,residential,31
dp_470_0,hydrant,pro_hydrant_17,3311.5,11469.0,0.43,0,residential,32
dp_471_0,bollard,pro_bollard_09,3653.0,11418.7,0.47,0,waterfront,32
dp_471_1,barrier,pro_barrier_07,3743.0,11365.1,0.42,0,waterfront,32
dp_471_2,crate_cluster,pro_crate_cluster_11,3653.0,11499.9,0.4,0,waterfront,32
dp_472_0,dumpster,pro_dumpster_01,5386.02,11401.5,0.44,0,waterfront,32
dp_472_1,bollard,pro_bollard_09,5324.0,11488.0,0.41000000000000003,0,waterfront,32
dp_472_2,barrier,pro_barrier_07,5484.07,11401.5,0.45,0,waterfront,32
dp_473_0,bollard,pro_bollard_09,6240.25,11382.0,0.44,0,waterfront,32
dp_473_1,barrier,pro_barrier_07,6187.0,11454.0,0.47,0,waterfront,32
dp_473_2,crate_cluster,pro_crate_cluster_11,6320.75,11382.0,0.48,0,waterfront,32
dt_474_0,tree,veg_street_tree_01,1845.0,11599.67,0.96,0,residential,31
dt_474_1,tree,veg_planter_tree_10,1845.0,11638.33,0.96,0,residential,31
dp_474_0,planter,pro_planter_13,1653.0,11619.0,0.45,0,residential,32
dt_475_0,tree,veg_planter_tree_03,3410.93,11690.0,0.74,0,residential,31
dt_475_1,tree,veg_street_tree_01,3462.87,11690.0,0.85,0,residential,31
dp_475_0,planter,pro_planter_13,3436.9,11547.0,0.4,0,residential,32
dp_476_0,bollard,pro_bollard_09,4699.7,11621.75,0.46,0,waterfront,32
dp_476_1,barrier,pro_barrier_07,4814.35,11580.5,0.42,0,waterfront,32
dp_476_2,crate_cluster,pro_crate_cluster_11,4865.18,11580.5,0.4,0,waterfront,32
dp_477_0,bollard,pro_bollard_09,5408.1,11568.0,0.48,0,waterfront,32
dp_477_1,barrier,pro_barrier_07,5354.5,11660.0,0.49,0,waterfront,32
dp_477_2,crate_cluster,pro_crate_cluster_11,5489.3,11568.0,0.49,0,waterfront,32
dp_478_0,crate_cluster,pro_crate_cluster_11,5529.0,11589.75,0.48,0,waterfront,32
dp_478_1,utility_box,pro_utility_box_05,5630.0,11541.5,0.49,0,waterfront,32
dp_478_2,dumpster,pro_dumpster_01,5674.0,11541.5,0.49,0,waterfront,32
dp_479_0,crate_cluster,pro_crate_cluster_11,6243.38,11569.0,0.47,0,waterfront,32
dp_479_1,utility_box,pro_utility_box_05,6289.25,11569.0,0.42,0,waterfront,32
dp_479_2,dumpster,pro_dumpster_16,6184.5,11660.0,0.46,0,waterfront,32
dp_480_0,crate_cluster,pro_crate_cluster_11,6404.5,11606.0,0.39,0,waterfront,32
dp_480_1,utility_box,pro_utility_box_05,6488.1,11560.0,0.38,0,waterfront,32
dp_480_2,dumpster,pro_dumpster_01,6404.5,11672.0,0.38,0,waterfront,32
dt_481_0,tree,veg_planter_tree_03,1878.5,11800.5,0.8,0,residential,31
dt_481_1,tree,veg_planter_tree_10,1878.5,11851.5,0.77,0,residential,31
dp_481_0,bench,pro_bench_18,1600.7,11826.0,0.38,0,residential,32
dt_482_0,tree,veg_planter_tree_10,3301.4,11819.67,0.87,0,residential,31
dt_482_1,tree,veg_street_tree_08,3301.4,11856.33,0.8,0,residential,31
dp_482_0,bench,pro_bench_03,3083.0,11838.0,0.49,0,residential,32
dp_483_0,utility_box,pro_utility_box_05,4491.5,11772.5,0.4,0,waterfront,32
dp_483_1,dumpster,pro_dumpster_16,4600.2,11719.0,0.39,0,waterfront,32
dp_483_2,bollard,pro_bollard_09,4648.05,11719.0,0.38,0,waterfront,32
dp_484_0,crate_cluster,pro_crate_cluster_11,4722.3,11743.25,0.42,0,waterfront,32
dp_484_1,utility_box,pro_utility_box_05,4722.3,11776.0,0.46,0,waterfront,32
dp_484_2,dumpster,pro_dumpster_01,4847.2,11697.5,0.48,0,waterfront,32
dp_485_0,barrier,pro_barrier_07,5412.3,11790.0,0.4,0,waterfront,32
dp_485_1,crate_cluster,pro_crate_cluster_11,5347.5,11856.0,0.45,0,waterfront,32
dp_485_2,utility_box,pro_utility_box_05,5515.9,11790.0,0.47,0,waterfront,32
dp_486_0,dumpster,pro_dumpster_01,5737.75,11729.5,0.43,0,waterfront,32
dp_486_1,bollard,pro_bollard_09,5683.5,11820.0,0.46,0,waterfront,32
dp_486_2,barrier,pro_barrier_07,5683.5,11858.75,0.42,0,waterfront,32
dp_487_0,utility_box,pro_utility_box_05,6340.0,11753.25,0.49,0,waterfront,32
dp_487_1,dumpster,pro_dumpster_16,6445.4,11706.5,0.49,0,waterfront,32
dp_487_2,bollard,pro_bollard_09,6340.0,11820.75,0.49,0,waterfront,32
dp_488_0,barrier,pro_barrier_07,6577.0,11788.5,0.43,0,waterfront,32
dp_488_1,crate_cluster,pro_crate_cluster_11,6577.0,11816.0,0.4,0,waterfront,32
dp_488_2,utility_box,pro_utility_box_05,6577.0,11843.5,0.39,0,waterfront,32
dt_489_0,tree,veg_street_tree_08,6345.0,8075.37,0.87,0,commercial,31
dt_489_1,tree,veg_street_tree_01,6276.83,8167.9,0.9199999999999999,0,commercial,31
dp_489_0,planter,pro_planter_13,6214.12,8025.1,0.43,0,commercial,32
dp_489_1,hydrant,pro_hydrant_02,6251.75,8025.1,0.46,0,commercial,32
dp_489_2,bench,pro_bench_03,6163.5,8121.95,0.48,0,commercial,32
dt_490_0,tree,veg_planter_tree_03,6383.2,7257.97,0.75,0,commercial,31
dt_490_1,tree,veg_street_tree_01,6306.43,7376.3,0.86,0,commercial,31
dp_490_0,newspaper_box,pro_newspaper_box_12,6232.97,7194.8,0.38,0,commercial,32
dp_490_1,planter,pro_planter_13,6277.05,7194.8,0.38,0,commercial,32
dp_490_2,hydrant,pro_hydrant_02,6321.12,7194.8,0.44,0,commercial,32
dt_491_0,tree,veg_street_tree_01,6413.3,7453.67,0.88,0,commercial,31
dt_491_1,tree,veg_planter_tree_10,6325.07,7589.2,0.81,0,commercial,31
dp_491_0,newspaper_box,pro_newspaper_box_12,6237.28,7381.9,0.49,0,commercial,32
dp_491_1,planter,pro_planter_13,6289.95,7381.9,0.43,0,commercial,32
dp_491_2,hydrant,pro_hydrant_17,6171.6,7527.12,0.46,0,commercial,32
dt_492_0,tree,veg_street_tree_08,10305.3,6105.67,0.83,0,dense_urban,31
dt_492_1,tree,veg_street_tree_08,10305.3,6164.43,0.78,0,dense_urban,31
dp_492_0,planter,pro_planter_13,10075.6,6105.67,0.46,0,dense_urban,32
dp_492_1,hydrant,pro_hydrant_02,10075.6,6164.43,0.48,0,dense_urban,32
dt_493_0,tree,veg_street_tree_08,9711.2,7040.97,0.94,0,dense_urban,31
dt_493_1,tree,veg_street_tree_08,9711.2,7091.13,0.84,0,dense_urban,31
dp_493_0,bench,pro_bench_18,9465.1,7040.97,0.45,0,dense_urban,32
dp_493_1,utility_box,pro_utility_box_05,9621.5,6977.8,0.47,0,dense_urban,32
dt_494_0,tree,veg_street_tree_01,6024.4,7248.0,0.74,0,commercial,31
dt_494_1,tree,veg_planter_tree_10,6096.8,7248.0,0.85,0,commercial,31
dp_494_0,mailbox,pro_mailbox_04,6006.3,7125.0,0.4,0,commercial,32
dp_494_1,newspaper_box,pro_newspaper_box_12,5939.0,7184.0,0.45,0,commercial,32
dp_494_2,planter,pro_planter_13,6114.9,7125.0,0.47,0,commercial,32
dt_495_0,tree,veg_planter_tree_10,12524.8,5385.33,0.87,0,dense_urban,31
dt_495_1,tree,veg_autumn_tree_04,12524.8,5434.67,0.8,0,dense_urban,31
dp_495_0,hydrant,pro_hydrant_02,12346.0,5385.33,0.43,0,dense_urban,32
dp_495_1,mailbox,pro_mailbox_04,12346.0,5434.67,0.46,0,dense_urban,32
dt_496_0,tree,veg_planter_tree_10,12412.23,5661.0,0.9299999999999999,0,dense_urban,31
dt_496_1,tree,veg_street_tree_01,12514.7,5601.0,0.95,0,dense_urban,31
dp_496_0,planter,pro_planter_13,12357.0,5559.0,0.38,0,dense_urban,32
dp_496_1,hydrant,pro_hydrant_02,12454.47,5504.0,0.44,0,dense_urban,32
dt_497_0,tree,veg_planter_tree_03,10218.7,5846.0,0.78,0,dense_urban,31
dt_497_1,tree,veg_planter_tree_03,10158.47,5948.0,0.76,0,dense_urban,31
dp_497_0,hydrant,pro_hydrant_17,10116.23,5791.0,0.44,0,dense_urban,32
dp_497_1,mailbox,pro_mailbox_04,10158.47,5791.0,0.41000000000000003,0,dense_urban,32
dt_498_0,tree,veg_planter_tree_10,12361.53,6403.0,0.76,0,dense_urban,31
dt_498_1,tree,veg_autumn_tree_04,12464.0,6343.0,0.75,0,dense_urban,31
dp_498_0,hydrant,pro_hydrant_02,12306.3,6301.0,0.48,0,dense_urban,32
dp_498_1,mailbox,pro_mailbox_04,12403.77,6246.0,0.49,0,dense_urban,32
dt_499_0,tree,veg_street_tree_08,11881.0,7078.33,0.79,0,dense_urban,31
dt_499_1,tree,veg_street_tree_01,11881.0,7127.67,0.88,0,dense_urban,31
dp_499_0,utility_box,pro_utility_box_05,11713.4,7078.33,0.43,0,dense_urban,32
dp_499_1,planter,pro_planter_13,11817.47,7016.0,0.4,0,dense_urban,32
dt_500_0,tree,veg_street_tree_08,14560.0,4145.0,0.83,0,dense_urban,31
dt_500_1,tree,veg_autumn_tree_04,14642.0,4085.0,0.78,0,dense_urban,31
dp_500_0,planter,pro_planter_13,14515.0,4043.0,0.47,0,dense_urban,32
dp_500_1,hydrant,pro_hydrant_02,14515.0,4085.0,0.42,0,dense_urban,32
dt_501_0,tree,veg_planter_tree_10,14167.33,4532.3,0.91,0,dense_urban,31
dt_501_1,tree,veg_planter_tree_03,14288.0,4468.53,0.82,0,dense_urban,31
dp_501_0,utility_box,pro_utility_box_05,14103.0,4422.77,0.46,0,dense_urban,32
dp_501_1,planter,pro_planter_13,14103.0,4468.53,0.42,0,dense_urban,32
dt_502_0,tree,veg_street_tree_08,12898.0,4927.3,0.8,0,dense_urban,31
dt_502_1,tree,veg_planter_tree_10,12980.0,4853.87,0.77,0,dense_urban,31
dp_502_0,bench,pro_bench_03,12853.0,4798.43,0.44,0,dense_urban,32
dp_502_1,utility_box,pro_utility_box_05,12930.0,4730.0,0.47,0,dense_urban,32
dt_503_0,tree,veg_planter_tree_03,10118.23,5085.0,0.87,0,dense_urban,31
dt_503_1,tree,veg_planter_tree_10,10220.7,5025.0,0.8,0,dense_urban,31
dp_503_0,mailbox,pro_mailbox_04,10063.0,4983.0,0.48,0,dense_urban,32
dp_503_1,bench,pro_bench_18,10063.0,5025.0,0.43,0,dense_urban,32
dt_504_0,tree,veg_street_tree_08,10293.0,5262.0,0.84,0,dense_urban,31
dt_504_1,tree,veg_autumn_tree_04,10375.0,5188.57,0.79,0,dense_urban,31
dp_504_0,hydrant,pro_hydrant_02,10248.0,5133.13,0.45,0,dense_urban,32
dp_504_1,mailbox,pro_mailbox_04,10325.0,5064.7,0.41000000000000003,0,dense_urban,32
dt_505_0,tree,veg_planter_tree_10,13803.0,5814.0,0.78,0,dense_urban,31
dt_505_1,tree,veg_autumn_tree_04,13835.0,5814.0,0.76,0,dense_urban,31
dp_505_0,mailbox,pro_mailbox_04,13803.0,5657.0,0.39,0,dense_urban,32
dp_505_1,bench,pro_bench_03,13835.0,5657.0,0.38,0,dense_urban,32
